t ω_g β v_dc err_v i_f_ref_d v_w m_m_ref
0.0 1.5032827811889449 0.0 18768.745158207403 -13368.745158207403 -984.3269520857659 10.13042550861253 -636300.0
0.1 1.5183929504988576 0.0 3234.9516861914217 2165.0483138085783 1633.4679208378877 13.690283854714002 -639088.159197981
0.2 1.5231715412319389 0.0 5203.533950548153 196.46604945184674 438.66677210539825 10.62763923322912 -652000.2506208443
0.30000000000000004 1.5323021951171907 0.0 5520.7196064590125 -120.71960645901243 525.4590926385638 11.895811256919197 -656110.5766485393
0.4 1.5429087309039424 0.0 5393.127312144795 6.872687855205159 566.9605885892009 12.397229893671689 -664000.2648531199
0.5 1.5503258007384644 0.0 5402.851718927162 -2.8517189271627803 568.0646409069664 11.499692409443133 -673224.447117211
0.6 1.5632063181900118 0.0 5405.967268374332 -5.967268374331794 577.6816508715169 13.26867834596003 -679712.65300952
0.7 1.5757426220732254 0.0 5408.36327349597 -8.363273495969905 591.9956250180552 13.245063779758807 -691054.0372852099
0.7999999999999999 1.5868496823906098 0.0 5407.505897091353 -7.505897091353249 606.1174619820633 12.844057607216067 -702182.448555948
0.8999999999999999 1.5904627811981407 0.0 5405.787231923426 -5.787231923425352 617.4541721289033 10.607724991870091 -712116.3934214991
0.9999999999999999 1.6023622823851422 0.0 5402.445918018091 -2.445918018091153 623.3542569519262 13.224746859977822 -715362.9215488812
1.0999999999999999 1.6094715401997 0.0 5408.0045684114 -8.0045684114 635.6697630832596 11.730047850462935 -726107.3491981756
1.2 1.6151499741469764 0.0 5403.8295754422425 -3.829575442242362 644.4595718878127 11.332334758168722 -732564.7350279782
1.3 1.6248827415966993 0.0 5403.996474265652 -3.9964742656516945 651.7143441156267 12.649485110585932 -737743.0293455175
1.4000000000000001 1.6320484555933368 0.0 5406.597017005654 -6.597017005654101 662.7040461652296 11.875651770012546 -746660.9816898943
1.5000000000000002 1.6372383529429622 0.0 5404.143922281739 -4.143922281738627 671.3399678705966 11.302131366294002 -753261.0352452197
1.6000000000000003 1.649911174102715 0.0 5404.214781468028 -4.214781468028407 679.0356180065058 13.903356104842407 -758059.3772054401
1.7000000000000004 1.6527789291121948 0.0 5408.18806416452 -8.188064164520622 692.3596677567593 10.684094414322765 -769840.1063509211
1.8000000000000005 1.6623773120467626 0.0 5401.598625374654 -1.5986253746538974 698.0838701154034 12.861746040478303 -772518.5917126792
1.9000000000000006 1.665138641817815 0.0 5406.461198236234 -6.46119823623403 707.8655155891105 10.712136068593328 -781517.3270474914
2.0000000000000004 1.6702283635983246 0.0 5401.377565819249 -1.377565819249195 712.5460538805958 11.448155596955816 -784115.7977630952
2.1000000000000005 1.6757675105144072 0.0 5403.8557807027455 -3.855780702745717 718.5629367981262 11.61856140046514 -788916.6360415259
2.2000000000000006 1.6856352591404604 0.0 5404.603875752883 -4.603875752883584 726.6846487519032 13.126723146431912 -794158.0407008108
2.3000000000000007 1.6979264922210016 0.0 5407.884507129434 -7.884507129433264 739.7459626164974 14.190634632833474 -803538.3689553087
2.400000000000001 1.7007585585425777 0.0 5407.702939390052 -7.7029393900519025 753.9424352399601 10.911562600452521 -815299.4966804167
2.500000000000001 1.7058295686008509 0.0 5401.00121169513 -1.0012116951299685 758.6191888197802 11.640740956225692 -818021.5319361078
2.600000000000001 1.7105250546844746 0.0 5403.911301814901 -3.9113018149013667 764.5547268357116 11.547654355617848 -822906.8574395465
2.700000000000001 1.7131151883149422 0.0 5403.098138980271 -3.098138980270571 770.578396628431 10.899599854550218 -827443.3782525002
2.800000000000001 1.7142768879334722 0.0 5401.3365204285565 -1.3365204285561396 773.7751648399013 10.460820997925774 -829951.1597775142
2.9000000000000012 1.7171080129988325 0.0 5400.899113302788 -0.8991133027878087 775.6087001452372 10.995489119589038 -831077.1562766118
3.0000000000000013 1.726379192575478 0.0 5403.308450353637 -3.3084503536377445 780.6515307338949 13.216595760733556 -833824.4677245972
3.1000000000000014 1.731692753385775 0.0 5407.167659997035 -7.167659997034907 792.1535466196594 11.870351611741883 -842852.9109624777
3.2000000000000015 1.735005584028834 0.0 5403.040515939014 -3.0405159390141243 799.4767214164731 11.242694155686829 -848049.2692140265
3.3000000000000016 1.7387645268827199 0.0 5402.203031860799 -2.203031860798376 803.8699720664799 11.406153184448677 -851297.1097056575
3.4000000000000017 1.7393320499117235 0.0 5402.416530381564 -2.416530381564472 808.2089488830827 10.396477436138749 -854989.8282086408
3.5000000000000018 1.7477170110629383 0.0 5401.182298369815 -1.182298369814712 810.8994161679351 13.046677837456741 -855548.0471016134
3.600000000000002 1.7547130555399872 0.0 5407.270276900788 -7.270276900788368 821.6445308299475 12.591435838524367 -863816.7715145804
3.700000000000002 1.7624661107137052 0.0 5405.258859421186 -5.258859421185486 832.136861160332 12.921183848133131 -870746.2641794849
3.800000000000002 1.7731655808058597 0.0 5406.47971671185 -6.479716711850607 843.4965384019121 14.216210298735136 -878457.9046119625
3.900000000000002 1.7807827723253362 0.0 5408.272611834316 -8.272611834316558 857.9000483622889 13.006611275870608 -889156.0548427558
4.000000000000002 1.7825377823404878 0.0 5404.522543088786 -4.522543088785428 867.7798989921376 10.997841731259342 -896811.7634091888
4.100000000000001 1.7896970372697358 0.0 5401.333187254841 -1.333187254840386 871.5759181038528 12.900337607999163 -898580.2993792961
4.200000000000001 1.7994730586405367 0.0 5406.96229816723 -6.962298167230178 881.9510676175324 14.05240345421407 -905812.7792179735
4.300000000000001 1.801079891818645 0.0 5406.887173778775 -6.887173778774865 894.6071098947318 11.049758466362956 -915735.6100650408
4.4 1.8050473356587668 0.0 5400.336888805182 -0.3368888051821758 898.0019479034343 11.863398642457186 -917371.746054567
4.5 1.8093888258063455 0.0 5403.619664222776 -3.6196642227758744 903.2448956467226 12.019672336359434 -921417.7959863803
4.6 1.81482339363139 0.0 5403.812956754857 -3.812956754856523 910.1520893447723 12.443037725335067 -925855.5046110705
4.699999999999999 1.8233002388749595 0.0 5405.073865471336 -5.073865471335892 918.9178594579438 13.699773267638536 -931425.5410802923
4.799999999999999 1.8292924291425152 0.0 5407.004355690231 -7.004355690231001 930.9383155853259 12.751138100347852 -940147.0396338438
4.899999999999999 1.8371466203668332 0.0 5404.847825993573 -4.847825993572348 940.7387492229273 13.55520953070762 -946336.6917847656
4.999999999999998 1.8422094244334868 0.0 5406.323493029479 -6.323493029479223 951.7040291227381 12.495940526098323 -954480.4588963083
5.099999999999998 1.8474497012366624 0.0 5403.82227254817 -3.8222725481699387 959.7707721876087 12.59893646993418 -959748.4173497568
5.1999999999999975 1.849465754932664 0.0 5403.8477902142595 -3.8477902142591245 966.812952159924 11.461946329424102 -965216.3087239197
5.299999999999997 1.8550448865387643 0.0 5401.809846945875 -1.809846945875033 970.9944895575076 12.782652379633703 -967324.068047494
5.399999999999997 1.855358956986882 0.0 5404.3828994016585 -4.382899401658637 977.9373699194956 10.916385511855527 -973168.9649876188
5.4999999999999964 1.861492016864822 0.0 5400.432584562956 -0.4325845629560425 980.4052309150039 13.048430528589599 -973498.5198019663
5.599999999999996 1.8617481474174022 0.0 5405.128763040337 -5.1287630403364 987.8150738935312 10.932130288590798 -979945.1351591935
5.699999999999996 1.8669852176231643 0.0 5400.152300875961 -0.15230087596095881 990.2042613568628 12.739149817382145 -980214.8232957501
5.799999999999995 1.8712230843412485 0.0 5405.103684950185 -5.103684950185451 997.4599290230817 12.391509612680156 -985737.2394384615
5.899999999999995 1.875418409724653 0.0 5403.519561598318 -3.5195615983182664 1004.5829537339908 12.404754267541412 -990217.3651118815
5.999999999999995 1.884249345939423 0.0 5404.409733088555 -4.409733088554737 1012.2885617734514 14.46420734608752 -994662.5230218566
6.099999999999994 1.8924733439999772 0.0 5408.394682034078 -8.394682034077906 1025.9863955890144 14.245493023940117 -1004051.8750219649
6.199999999999994 1.9009510999361467 0.0 5407.165389389333 -7.165389389332901 1039.6417744210335 14.46448037750675 -1012835.575171829
6.299999999999994 1.9017291090456543 0.0 5406.091234955011 -6.091234955011245 1051.2624495737214 11.342254285141873 -1021930.3458537406
6.399999999999993 1.9092993063023183 0.0 5400.607397712064 -0.6073977120644382 1054.7009565709452 14.096953979552351 -1022767.0152653783
6.499999999999993 1.9108979267699162 0.0 5406.849881562241 -6.849881562240532 1064.609976322057 11.689869383819106 -1030925.8622479541
6.5999999999999925 1.9148576501240304 0.0 5400.869336973017 -0.8693369730171366 1068.7392218994285 12.59604136249265 -1032652.9347116919
6.699999999999992 1.9208027696507444 0.0 5404.291359721056 -4.291359721056527 1075.1543466229562 13.458340188092404 -1036937.0531634545
6.799999999999992 1.922371622920602 0.09090909090909091 5403.941577756845 -3.941577756844747 1082.5275662040785 11.746276102554143 -1041900.0
6.8999999999999915 1.9267145549620819 0.25619834710743805 5400.156241910297 -0.15624191029659756 1084.418940024589 12.852754531009756 -1041900.0
6.999999999999991 1.9329007406782934 0.48234410217881296 5401.773950112864 -1.773950112864708 1086.984682303581 13.736470333913138 -1041900.0
7.099999999999991 1.9363516751604875 0.7582815381463015 5401.472137480982 -1.4721374809819534 1089.811078862139 12.655800121731412 -1041900.0
7.19999999999999 1.9396774433239632 1.0749576221197013 5400.913410834962 -0.9134108349613494 1091.7222610205358 12.721728087422711 -1041900.0
7.29999999999999 1.9433859887600469 1.4249653271888465 5401.083831160759 -1.0838311607588396 1093.636665320069 13.029484743931246 -1041900.0
7.39999999999999 1.9432106391292074 1.8022443586090562 5400.415730184857 -0.41573018485707597 1094.681973562694 11.56318480907798 -1041900.0
7.499999999999989 1.9468624918745574 2.2018362934074096 5400.5257523007895 -0.5257523007895919 1095.5990281528864 13.322384272673213 -1041900.0
7.599999999999989 1.9507901917431663 2.6196842400606077 5401.311062660566 -1.3110626605661633 1097.6692344171588 13.642990616764475 -1041900.0
7.699999999999989 1.9502953049465184 3.052468923685952 5400.37113255835 -0.3711325583498833 1098.7480507599537 11.837489581424025 -1041900.0
7.799999999999988 1.9476564075545666 3.49747457392487 5399.274745903566 0.7252540964338691 1097.883527942819 11.116812383400777 -1041900.0
7.899999999999988 1.9443811765755334 3.9524791968476207 5399.005058684398 0.9949413156014895 1096.1741478922486 11.007544569578188 -1041900.0
7.999999999999988 1.9481111329339702 4.4156647974207806 5400.311736526033 -0.31173652603348867 1096.1915295396147 14.390115694120176 -1041900.0
8.099999999999987 1.9460455480717755 4.885543925162457 5400.3012016256935 -0.30120162569305853 1096.7480989172543 11.835455952528354 -1041900.0
8.199999999999987 1.9413227207896795 5.36089957513292 5398.64457229504 1.3554277049596204 1094.96601077026 10.916932043242525 -1041900.0
8.299999999999986 1.9380109173739186 5.840736016017844 5398.729156715306 1.2708432846937576 1092.6006912352236 11.67840892766301 -1041900.0
8.399999999999986 1.9330154841895986 6.324238558560054 5398.7389425236015 1.2610574763983877 1090.2850236982679 11.17025376487332 -1041900.0
8.499999999999986 1.935082164489518 6.810740638821862 5399.749342234791 0.2506577652094628 1089.397158537095 14.765570355941726 -1041900.0
8.599999999999985 1.931675594552179 7.299696886308796 5399.85443327854 0.14556672146043664 1089.0857761341083 12.261523580618503 -1041900.0
8.699999999999985 1.9321516631835483 7.608842906979924 5399.486043755941 0.5139562440587749 1088.2998914963305 14.426498018581613 -1041900.0
8.799999999999985 1.9267349918978238 7.952689651165392 5399.17218823036 0.8278117696402935 1086.9155872654264 11.76382667938034 -1041900.0
8.899999999999984 1.9261979029809695 8.143109714589865 5399.058541793734 0.9414582062665259 1085.2380804624695 14.24456623553853 -1041900.0
8.999999999999984 1.9236307726588295 8.38981703920989 5399.633715474196 0.3662845258039835 1084.3228072861543 13.305354830282 -1041900.0
9.099999999999984 1.9162732805792366 8.500759395717182 5398.238804067084 1.7611959329156845 1081.6859775777352 11.303313448639628 -1041900.0
9.199999999999983 1.9111440785323466 6.955166778314058 5395.6598063894035 4.3401936105968915 1074.823897704848 12.29136508420361 -1038470.8092417481
9.299999999999983 1.911532554920316 5.690591000438775 5396.247308925939 3.7526910740603543 1067.6961138906038 14.050981745565073 -1032918.9936235365
9.399999999999983 1.9063484857299904 4.655938091268088 5400.314153752502 -0.31415375250127875 1066.5476155124766 10.966299724579864 -1033338.9571695098
9.499999999999982 1.9100986994216298 3.8094038928557086 5396.042303261064 3.9576967389360074 1061.1044219983762 14.55436506824293 -1027741.7344699338
9.599999999999982 1.9123849563037396 3.1167850032455795 5404.629001757821 -4.629001757821646 1065.9486220578378 13.37529961741371 -1031789.3073453067
9.699999999999982 1.9170791967987841 2.5500968208372923 5402.2874283960655 -2.2874283960653248 1071.13430541321 14.310429958746983 -1034260.7473261908
9.799999999999981 1.9193794657438985 2.08644285341233 5404.126241776197 -4.126241776197418 1077.9180497158043 12.906542209226748 -1039344.4805146643
9.89999999999998 1.921953772562676 1.7070896073373611 5401.723164066122 -1.7231640661221657 1082.095514398078 12.866080233106018 -1041840.1584792675
9.99999999999998 1.9275856993636948 1.487618769639659 5401.065727088538 -1.0657270885378922 1084.3277454298636 14.19715725191578 -1041900.0
10.09999999999998 1.9319245207428652 1.3989608115233574 5401.597856614334 -1.5978566143335977 1087.0309936849999 13.457600192773322 -1041900.0
10.19999999999998 1.9373031570519328 1.4173315730645653 5401.478351041635 -1.4783510416343868 1089.7914815071401 13.948900816639533 -1041900.0
10.29999999999998 1.9414841295467409 1.523271287052826 5401.446313821173 -1.446313821173193 1092.4561585228262 13.386782810888029 -1041900.0
10.399999999999979 1.9423608836512818 1.700858325770494 5400.60738529494 -0.6073852949406235 1093.925201463575 12.008484622879628 -1041900.0
10.499999999999979 1.9472055869602705 1.9370659029031314 5400.895905978671 -0.8959059786714004 1095.4450643525777 13.864091499419061 -1041900.0
10.599999999999978 1.9515849986887868 2.2212357387389257 5401.541423674194 -1.5414236741941807 1097.9967944444738 13.754193871113298 -1041900.0
10.699999999999978 1.9553801424667254 2.5446474226045757 5401.205117812553 -1.2051178125534006 1100.34836908022 13.602469796756715 -1041900.0
10.799999999999978 1.9610633558169197 2.9001660730401073 5401.485644427029 -1.4856444270292797 1102.952612030427 14.851494187235057 -1041900.0
10.899999999999977 1.962878951859618 3.281954059760088 5401.073422627066 -1.073422627065796 1105.094977749023 12.96728524424652 -1041900.0
10.999999999999977 1.9648841050436956 3.685235139803708 5400.444897251172 -0.4448972511716672 1106.1769691697998 13.221471706263532 -1041900.0
11.099999999999977 1.968171958656978 4.106101478021216 5400.863429831126 -0.8634298311258182 1107.5821782363528 14.078847589014769 -1041900.0
11.199999999999976 1.9676952179140625 4.5413557547446315 5400.343562277116 -0.34356227711544474 1108.432351733206 12.436634936280136 -1041900.0
11.299999999999976 1.9650140794161528 4.988381981154698 5399.296725185645 0.703274814354347 1107.5871079252777 11.660136838343067 -1041900.0
11.399999999999975 1.967373767438165 5.445039802762935 5400.058766503818 -0.058766503818032695 1107.371721407871 14.253684601369212 -1041900.0
11.499999999999975 1.962774464748132 5.909578020442401 5399.598708077642 0.4012919223573595 1106.8312180868884 11.211110422352235 -1041900.0
11.599999999999975 1.965635543433039 6.380563834907419 5399.746337401715 0.2536625982851976 1106.303659710825 15.144110919239527 -1041900.0
11.699999999999974 1.966053370736158 6.856824955833343 5400.687057855326 -0.6870578553264642 1107.1641712873068 13.950875370466528 -1041900.0
11.799999999999974 1.9638557621273738 7.337402236590917 5399.54326362906 0.4567363709401662 1106.8119422713107 12.88649881415381 -1041900.0
11.899999999999974 1.9631044908818625 7.821510920847113 5399.4988523331585 0.5011476668413987 1105.9121689874523 13.860564306355515 -1041900.0
11.999999999999973 1.9636403130504525 8.308508935238548 5400.077388569831 -0.07738856983082867 1105.8087228716033 14.922854606862037 -1041900.0
12.099999999999973 1.958647418220929 8.797870947013358 5399.166692389797 0.8333076102026696 1104.6674052024362 12.328362992694277 -1041900.0
12.199999999999973 1.9578718917181335 9.107348956647293 5399.0675127501945 0.9324872498051133 1103.0002082407348 14.758348680123069 -1041900.0
12.299999999999972 1.9535724576724465 9.269649146347785 5399.260306101641 0.7396938983588759 1101.5626049440298 13.06403654272033 -1041900.0
12.399999999999972 1.9472389400269776 9.311531119739097 5398.177603875911 1.822396124088999 1098.6812185922843 12.214012863751542 -1041900.0
12.499999999999972 1.9426566877250555 9.254889097968352 5398.323938768537 1.6760612314631091 1095.5469523605389 13.028157909432686 -1041900.0
12.599999999999971 1.9391474582798265 9.11763653470138 5398.879950091998 1.120049908002157 1093.2581520780234 13.507176702259105 -1041900.0
12.69999999999997 1.9309452735383776 8.914429892028402 5398.081548920301 1.9184510796987955 1090.080153345735 11.31094312486069 -1041900.0
12.79999999999997 1.9301207132035438 8.65726082075051 5398.716749032794 1.2832509672063335 1087.4586294751487 14.724405142475234 -1041900.0
12.89999999999997 1.9226673593520953 8.537758853341327 5398.773086718403 1.2269132815971797 1085.1858102512829 11.397476478749699 -1041900.0
12.99999999999997 1.9164670724374542 8.349075425461086 5397.716037797156 2.2839622028440405 1081.4474962760783 11.868280819246719 -1041900.0
13.09999999999997 1.9162084341505645 6.8310617117408885 5397.080819467415 2.919180532585076 1076.36597093166 14.61246122947475 -1038680.8600376197
13.199999999999969 1.9168195482930852 5.589050491424363 5400.545119955694 -0.545119955693633 1075.8963124034162 14.14482402191983 -1038400.5270074396
13.299999999999969 1.9157880837029007 4.57285949298357 5400.4050179074975 -0.40501790749775496 1076.6981134962946 12.70030332920313 -1039062.9627071938
13.399999999999968 1.9195388642971358 3.7414304942592844 5399.645705747775 0.35429425222535216 1076.370640487688 14.609689070771427 -1037944.9980128915
13.499999999999968 1.9244792515449047 3.1520794953030506 5404.391695153212 -4.391695153211799 1082.4083181956198 14.896716676130216 -1041900.0
13.599999999999968 1.9284469206220831 2.7607923143388597 5400.854697026381 -0.8546970263810152 1085.4746650507525 14.021511784502115 -1041900.0
13.699999999999967 1.9340135807928578 2.5315573480954305 5401.430265133281 -1.4302651332805443 1087.8523001627304 14.75924538709862 -1041900.0
13.799999999999967 1.9326826538238973 2.434910557532625 5400.484638950859 -0.48463895085940206 1089.1415888610022 11.43763357111105 -1041900.0
13.899999999999967 1.9387202196734736 2.446745001617602 5400.728745006433 -0.7287450064335942 1090.3738774902315 14.892708105765662 -1041900.0
13.999999999999966 1.942758081973173 2.5473368195053108 5401.740525506632 -1.7405255066324365 1093.1352658118049 13.778914312370695 -1041900.0
14.099999999999966 1.9466000502058305 2.7205483068679817 5401.119203991713 -1.1192039917130119 1095.4502070509404 13.739723624059133 -1041900.0
14.199999999999966 1.9478516961339796 2.9531758874374394 5400.6647541011425 -0.6647541011424498 1096.8613880719365 12.60272022085839 -1041900.0
14.299999999999965 1.9512975867398226 3.234416635176087 5400.706714503298 -0.7067145032977467 1098.139004545967 13.741618794861473 -1041900.0
14.399999999999965 1.9531734201023154 3.5554317924167984 5400.837879505654 -0.8378795056546245 1099.619223718833 13.104599952714613 -1041900.0
14.499999999999964 1.9545328325624722 3.908989648341017 5400.41644408252 -0.4164440825193741 1100.5612543415002 13.003663533768213 -1041900.0
14.599999999999964 1.954288205410718 4.289173348642651 5400.090915148867 -0.09091514886636402 1100.865926077241 12.428472684049146 -1041900.0
14.699999999999964 1.956172492379659 4.691141830707624 5400.272635871339 -0.27263587133875755 1101.288618043077 13.593832830709921 -1041900.0
14.799999999999963 1.960585040741885 5.110934225124419 5401.132564677383 -1.1325646773828497 1102.9999992829569 15.364456850892811 -1041900.0
14.899999999999963 1.964281238441547 5.5453098205563425 5401.300527985349 -1.3005279853487222 1105.3126506375236 15.162794835914934 -1041900.0
14.999999999999963 1.9672418430475094 5.991617125909735 5400.953371463741 -0.9533714637405478 1107.2073748957218 14.967861940377922 -1041900.0
15.099999999999962 1.964709152169943 6.447686739380692 5399.835825410017 0.16417458998285506 1107.3802823990623 12.326956666360697 -1041900.0
15.199999999999962 1.966024902628029 6.91174369585693 5399.7570627757295 0.24293722427043118 1106.968373823912 14.50327264238151 -1041900.0
15.299999999999962 1.9677334700958733 7.3823357511556695 5400.625725924915 -0.6257259249148182 1107.7470162690265 15.072343855504123 -1041900.0
15.399999999999961 1.9656401655497873 7.858274705491002 5399.818102127405 0.18189787259516807 1107.756029958704 13.209584353040546 -1041900.0
15.499999999999961 1.96310095355817 8.156770213583547 5399.13071976013 0.8692802398698253 1106.454089402747 13.241890339864677 -1041900.0
15.59999999999996 1.9585806115568374 8.31008472020472 5398.842748973171 1.1572510268291438 1104.45494788424 12.463744077456159 -1041900.0
15.69999999999996 1.9548859915248185 8.34461477107659 5398.712237608498 1.2877623915015661 1102.1498162392386 12.917314945706808 -1041900.0
15.79999999999996 1.952570210402136 8.281957539971755 5399.167299298962 0.8327007010386958 1100.4305296974785 13.602960110561154 -1041900.0
15.89999999999996 1.9484068410445439 8.139783441795071 5398.997017205092 1.0029827949084837 1098.6642618422122 12.67552780701567 -1041900.0
15.99999999999996 1.949312673266259 7.932550088741421 5399.617081206134 0.3829187938666766 1097.6994645566128 15.355366574652393 -1041900.0
16.09999999999996 1.9475646869865437 7.853904618061163 5399.961872389992 0.03812761000763431 1097.4833851855126 13.644320056562997 -1041900.0
16.19999999999996 1.9477149240193978 7.698649232959133 5399.7234791954725 0.2765208045279702 1097.0776012652896 14.646708684420839 -1041900.0
16.29999999999996 1.9463390297562349 7.662531190602928 5399.823539109234 0.17646089076599977 1096.7117230490803 13.698415702657034 -1041900.0
16.399999999999963 1.9406081806596716 7.72388915594785 5398.704176905032 1.2958230949680805 1094.8110888905856 11.67010543579624 -1041900.0
16.499999999999964 1.9368342058928252 7.683182036684604 5398.46226234599 1.5377376540102474 1092.0949875438187 12.549184994796091 -1041900.0
16.599999999999966 1.931488278322812 7.558967120923767 5398.634032377998 1.3659676220023291 1089.518338399117 11.834621634889302 -1041900.0
16.699999999999967 1.928492518241043 7.366427644392173 5398.759179041407 1.2408209585925412 1087.190851396731 12.80411034432637 -1041900.0
16.79999999999997 1.9264931497717543 7.299804436320869 5399.359377457542 0.6406225424576787 1085.762106147965 13.164109237343952 -1041900.0
16.89999999999997 1.924480067451921 7.336203629717075 5399.423453935548 0.576546064451689 1084.6781287851502 13.118508540770149 -1041900.0
16.99999999999997 1.9211219696348583 7.456893878859425 5399.126050751381 0.8739492486193875 1083.202278762518 12.517066531795885 -1041900.0
17.099999999999973 1.9228339154800043 7.464731355430438 5399.884409710151 0.11559028984877258 1082.6688575627065 15.281591599882667 -1041900.0
17.199999999999974 1.9246232224910258 7.562052927170359 5400.72512558552 -0.7251255855200562 1083.6415492298086 15.350279998614983 -1041900.0
17.299999999999976 1.9228588107516833 7.73258875859393 5399.8703885893765 0.1296114106238987 1083.7663800005 13.373651386898073 -1041900.0
17.399999999999977 1.9188304887416143 7.781208984304125 5398.895957662604 1.1040423373965285 1082.155829109004 12.4130053017746 -1041900.0
17.49999999999998 1.9158724848549749 6.366443714430647 5398.450791285173 1.5492087148270919 1079.5048800787563 12.910072499472097 -1041244.2737114953
17.59999999999998 1.913799353245781 5.208908493625075 5397.213062058408 2.78693794159255 1074.9212200239656 12.589489214732597 -1038036.4545618535
17.69999999999998 1.9121195613924749 4.26183422205688 5398.373710378774 1.6262896212256812 1071.4481162604234 12.229498436845686 -1035791.1883560667
17.799999999999983 1.91574203319161 3.4869552725919926 5399.570716518605 0.42928348139487144 1070.1537090357385 14.315755279648473 -1033973.7041844975
17.899999999999984 1.9167366934763774 2.8529634048479937 5403.701352577523 -3.701352577522605 1075.1868986213562 12.689832334241254 -1037895.0996720586
17.999999999999986 1.9233887107764496 2.334242785784722 5401.484323913425 -1.4843239134251525 1078.8476845082416 15.476172239780084 -1038973.1373391843
18.099999999999987 1.9298429689349073 2.000744097460227 5404.017072824723 -4.01707282472338 1085.1370934575693 15.053954728133798 -1041900.0
18.19999999999999 1.9366918997299065 1.8187906251947314 5401.6707268921145 -1.67072689211489 1089.194386526242 15.150880922921111 -1041900.0
18.29999999999999 1.942873225162243 1.760828693341144 5401.950977680853 -1.9509776808525583 1092.6517022808198 14.646625408984479 -1041900.0
18.39999999999999 1.9462769552176649 1.8043143854609358 5401.356512345954 -1.3565123459534498 1095.3902427129497 13.187572441679404 -1041900.0
18.499999999999993 1.9475651156932194 1.930802679013493 5400.533236812503 -0.5332368125023892 1096.71673461645 12.28508155027953 -1041900.0
18.599999999999994 1.9534057397101494 2.1252021919201307 5401.180152780781 -1.180152780780917 1098.6056622930712 14.559539543660922 -1041900.0
18.699999999999996 1.9567749817238267 2.375165429752834 5401.48732225112 -1.487322251119386 1101.2016841239495 13.358053960671427 -1041900.0
18.799999999999997 1.9612298661269145 2.6705898970705007 5401.1358068155105 -1.1358068155108099 1103.4326605614788 14.038674898184848 -1041900.0
18.9 1.9670715684672768 3.003209915784955 5401.655888226385 -1.6558882263856334 1106.2473891622328 15.067357699897478 -1041900.0
19.0 1.9709332690866703 3.3662626583695086 5401.460090927876 -1.4600909278765122 1109.0067538875985 14.062483329777567 -1041900.0
19.1 1.9739108155763967 3.754214902302325 5400.932304978147 -0.9323049781470382 1110.939450155227 13.775692363122745 -1041900.0
19.200000000000003 1.9749638794451017 4.162539465520084 5400.512772661978 -0.5127726619775725 1112.057244146688 13.002575514198547 -1041900.0
19.300000000000004 1.9802390262066147 4.587532289970977 5401.052262938659 -1.0522629386587572 1113.7572982359366 15.77246668165528 -1041900.0
19.400000000000006 1.9803703954054332 5.026162782703527 5400.793956931559 -0.7939569315589513 1115.3221430384945 12.947534993106094 -1041900.0
19.500000000000007 1.9834934780784994 5.475951367666522 5400.411993928312 -0.41199392831205806 1116.2392802224672 14.81002019867158 -1041900.0
19.60000000000001 1.985894188036777 5.934869300818064 5400.9261781700225 -0.9261781700223547 1117.718950689633 14.640670836160794 -1041900.0
19.70000000000001 1.9860088764913746 6.401256700669325 5400.2769938089 -0.27699380890060876 1118.5019345104636 13.605457953544427 -1041900.0
19.80000000000001 1.9887876079340714 6.873755482365811 5400.449353054096 -0.4493530540955841 1119.2525183386579 15.571860485764438 -1041900.0
19.900000000000013 1.990367156159632 7.351254485572027 5400.723164155275 -0.7231641552748651 1120.4619823283767 15.052770973911207 -1041900.0
20.000000000000014 1.9859568192097934 7.8328445791043855 5399.304888423695 0.6951115763049605 1119.7891917191994 12.154555561382178 -1041900.0
20.100000000000016 1.9809666597948759 8.135963746539952 5398.325230628141 1.6747693718591157 1117.1347143658968 12.12129889585561 -1041900.0
20.200000000000017 1.9774611523545969 8.293061247169051 5398.751586642299 1.2484133577012309 1114.6655977312273 12.951705365959302 -1041900.0
20.30000000000002 1.9752154698410058 8.330686474956496 5399.233393646374 0.7666063536265543 1113.0561221153023 13.65798602509287 -1041900.0
20.40000000000002 1.970083942260476 8.452379843146224 5398.81327894828 1.1867210517204418 1111.0589910594908 12.29168275514081 -1041900.0
20.50000000000002 1.9697068949397196 8.461038053483273 5399.224580670593 0.7754193294070875 1109.4632554984264 14.80322373932883 -1041900.0
20.600000000000023 1.9703495469496421 8.559031134668134 5400.255416559296 -0.25541655929534196 1109.494359634805 15.509152694610115 -1041900.0
20.700000000000024 1.9647072615305134 8.73011638291029 5399.042837082467 0.9571629175330906 1108.2540137051421 12.172559782240217 -1041900.0
20.800000000000026 1.965622413880941 8.779186131472056 5399.279868496695 0.7201315033052241 1106.8335113399507 15.93408082342556 -1041900.0
20.900000000000027 1.9622384662812469 8.910243198477136 5399.7175604143395 0.28243958566055627 1106.130218206354 13.336463097488448 -1041900.0
21.00000000000003 1.9586221197171574 8.926562616935838 5398.765974392063 1.2340256079371172 1104.2717217404506 13.290373861021996 -1041900.0
21.10000000000003 1.9592593600431238 8.849005777492959 5399.6885323559745 0.3114676440250533 1103.309636972254 15.852257953985276 -1041900.0
21.20000000000003 1.9582129925405882 8.87645927249424 5400.040769467789 -0.040769467788575764 1103.2350188713015 14.629517177085075 -1041900.0
21.300000000000033 1.9584811491361147 8.80801213204074 5399.859771488921 0.140228511079183 1103.0547231535334 15.521282149560017 -1041900.0
21.400000000000034 1.9542490942392627 8.842919017124242 5399.276305889823 0.7236941101775988 1101.9755812635956 12.932206882881292 -1041900.0
21.500000000000036 1.948612363274503 8.780570104919834 5398.281758275371 1.7182417246282113 1099.247732370879 12.302611081858707 -1041900.0
21.600000000000037 1.9481950287832164 8.638648267661683 5399.2216460736545 0.7783539263457582 1097.4224971974156 14.940123133890737 -1041900.0
21.70000000000004 1.9469730257837101 8.613439491723195 5399.921092979458 0.07890702054200766 1096.9812951407014 14.355021439327658 -1041900.0
21.80000000000004 1.9435776764727681 8.501905038682613 5399.179366113018 0.8206338869821437 1095.7915654172336 13.204840362246406 -1041900.0
21.90000000000004 1.9440003693288688 8.319740486194865 5399.600302859916 0.39969714008394636 1094.880443378775 15.275637948684086 -1041900.0
22.000000000000043 1.9433581588968771 8.261605852341253 5400.0741538180255 -0.07415381802556721 1094.8154545209773 14.470526414589203 -1041900.0
22.100000000000044 1.9415110499867336 8.304950242824662 5399.534130199584 0.4658698004158864 1094.1904851910342 13.770124817731647 -1041900.0
22.200000000000045 1.941276876306322 8.249504744129268 5399.6930879075335 0.30691209246609624 1093.5605172573732 14.69718673890426 -1041900.0
22.300000000000047 1.940048606446936 8.295049336105764 5399.804734742981 0.19526525701865458 1093.1552577830282 14.087144141144737 -1041900.0
22.40000000000005 1.9353980587425312 8.241404002268352 5398.941158520511 1.0588414794894545 1091.5805576694518 12.443990330575735 -1041900.0
22.50000000000005 1.931092153315808 8.106603274583197 5398.520845532164 1.479154467836797 1089.0474802369663 12.564590197047936 -1041900.0
22.60000000000005 1.9330719802166956 7.9054026792044345 5399.895311119309 0.10468888069176673 1088.2728121097089 16.092589174965447 -1041900.0
22.700000000000053 1.934656335128743 7.831693101167264 5400.763271511455 -0.7632715114547498 1089.3038735839352 15.600139908977772 -1041900.0
22.800000000000054 1.931513074779298 7.862294355500489 5399.563170811722 0.43682918827872175 1089.0120083785075 12.88216793307202 -1041900.0
22.900000000000055 1.9314171469465875 7.7964226545004 5399.43624707486 0.5637529251402972 1088.0324649311547 14.45316409967325 -1041900.0
23.000000000000057 1.933364793114263 7.833436717318509 5400.479099681486 -0.47909968148609 1088.4684851421089 15.784748226078008 -1041900.0
23.10000000000006 1.9292457932801697 7.9546300414424165 5399.523785415664 0.4762145843362671 1088.0006370577291 12.43856736082401 -1041900.0
23.20000000000006 1.9275598467432327 7.9628791248165225 5398.972267231554 1.0277327684466293 1086.350646603229 13.642109429106588 -1041900.0
23.30000000000006 1.927669356415171 8.060537465758973 5399.922567230544 0.0774327694561407 1085.8057851372441 14.628357309243983 -1041900.0
23.400000000000063 1.9234545837998682 8.231348835620977 5399.287318509388 0.7126814906127235 1084.7687854227215 12.501835215478447 -1041900.0
23.500000000000064 1.9252439168775382 8.280194501871708 5399.682629466355 0.3173705336448301 1084.0194333887962 16.002015507693333 -1041900.0
23.600000000000065 1.9241903696315381 8.411068228804124 5400.233764132252 -0.2337641322517149 1084.2142419448733 14.159166748170644 -1041900.0
23.700000000000067 1.9225397567472997 8.427237641748828 5399.458739112005 0.5412608879955513 1083.5507213457622 13.916308952357454 -1041900.0
23.800000000000068 1.918672354318149 8.349558070521768 5399.05036013697 0.9496398630298107 1081.9831841622433 12.841251689050567 -1041900.0
23.90000000000007 1.920163118988558 6.831456603154174 5399.1939569892975 0.8060430107027161 1080.4448222582384 15.830244528769484 -1041072.658991959
24.00000000000007 1.922258466081698 5.680282675307961 5401.44306703282 -1.443067032820222 1082.1363414709442 15.07831745064308 -1041900.0
24.100000000000072 1.9252690588975354 4.829322188888331 5400.72497703923 -0.7249770392297517 1083.7696945411346 14.897474883817742 -1041900.0
24.200000000000074 1.9300808629901691 4.223990881817725 5401.270741499218 -1.2707414992181898 1085.8675595781667 15.590296773465658 -1041900.0
24.300000000000075 1.9332526223757325 3.819628903305411 5401.229817774619 -1.2298177746187637 1088.1391672182729 14.15943518346066 -1041900.0
24.400000000000077 1.9386136071142681 3.5796963754317 5401.3156498450435 -1.3156498450430274 1090.5143605863768 15.315712552567561 -1041900.0
24.500000000000078 1.9431641603712408 3.474297034444118 5401.561429055599 -1.5614290555981978 1093.2722496600131 14.648100090886757 -1041900.0
24.60000000000008 1.9498397194753874 3.478970300908824 5401.758227901109 -1.7582279011094246 1096.4116386922499 16.227060378275915 -1041900.0
24.70000000000008 1.9539424781735726 3.573702973470856 5401.623971134027 -1.6239711340267482 1099.4453026501637 14.3734953120488 -1041900.0
24.800000000000082 1.9593581904041344 3.742120614657973 5401.402401437046 -1.4024014370461972 1102.1098500357893 15.311068140274548 -1041900.0
24.900000000000084 1.9632112139969937 3.9708259574474325 5401.404069496242 -1.4040694962425675 1104.6828021653027 14.411504335656455 -1041900.0
25.000000000000085 1.9675328218336736 4.2488576015479 5401.207413722403 -1.2074137224026629 1106.979373566575 14.856257954646734 -1041900.0
25.100000000000087 1.9719726545583443 4.567247128539191 5401.355916687624 -1.3559166876236206 1109.4018035977354 15.138910007785707 -1041900.0
25.200000000000088 1.9746085688603634 4.9186567415320654 5401.0181226556 -1.018122655599557 1111.4112470950276 14.205262437201165 -1041900.0
25.30000000000009 1.9769671083483027 5.297082788526235 5400.683137976142 -0.6831379761417761 1112.8054725093855 14.250135911411517 -1041900.0
25.40000000000009 1.9807329496348687 5.697613190612374 5400.976889124795 -0.9768891247947555 1114.4715597881057 15.43742157410822 -1041900.0
25.500000000000092 1.9839669974805476 6.116228974137397 5401.101280597651 -1.1012805976506141 1116.4374651391083 15.35199742469174 -1041900.0
25.600000000000094 1.9837551329038867 6.549641887930598 5400.312381740103 -0.31238174010298714 1117.3445539843171 13.525935521857235 -1041900.0
25.700000000000095 1.9854165255161247 6.995161544670489 5400.161719428625 -0.16171942862482233 1117.7048665170532 14.861802955413928 -1041900.0
25.800000000000097 1.9858866212876432 7.450586718366764 5400.356576102956 -0.3565761029559366 1118.275851283855 14.409204648264232 -1041900.0
25.900000000000098 1.9838181022899297 7.914116405936443 5399.621820249856 0.3781797501443741 1117.894184283555 13.296465615999061 -1041900.0
26.0000000000001 1.984299129138948 8.202458877584363 5399.756472138071 0.24352786192830053 1117.390705312037 15.029921061723991 -1041900.0
26.1000000000001 1.9821957111177744 8.529284536205388 5399.758398979757 0.24160102024353836 1116.947033661056 13.694795990820005 -1041900.0
26.200000000000102 1.980186756644194 8.705778256895318 5399.2815234110785 0.7184765889211875 1115.8322613146827 13.934310435082596 -1041900.0
26.300000000000104 1.9775364102902322 8.759273119277987 5399.270126245669 0.7298737543303542 1114.4992351211288 13.694302073966645 -1041900.0
26.400000000000105 1.973809804149771 8.712132552136534 5398.970292846791 1.0297071532083986 1112.738911270422 13.177822345703923 -1041900.0
26.500000000000107 1.9704943029964974 8.582653906293528 5398.903001142311 1.0969988576890612 1110.756644046978 13.347189963997158 -1041900.0
26.600000000000108 1.9685642718498118 8.385807741512886 5399.269281838758 0.7307181612424365 1109.261934642127 13.982153004154641 -1041900.0
26.70000000000011 1.9703935078418 8.315660879419633 5400.1733579074635 -0.17335790746384114 1109.1963714333767 16.457341679509824 -1041900.0
26.80000000000011 1.970784424588804 8.349177083161518 5400.420219779147 -0.4202197791475008 1109.8619648549604 15.215199086384585 -1041900.0
26.900000000000112 1.970740421917468 8.467508522586696 5399.976347577394 0.023652422605549412 1110.0068117778676 14.947127847075144 -1041900.0
27.000000000000114 1.9710365099985439 8.655234245752752 5400.032424318767 -0.032424318766727064 1110.0424690158252 15.266237647801413 -1041900.0
27.100000000000115 1.9676169776410835 8.899737110161341 5399.404939100999 0.595060899000616 1109.2177761202904 13.258869103799398 -1041900.0
27.200000000000117 1.9685616535162047 9.008875817404734 5399.645847135133 0.3541528648666189 1108.4664689125173 16.132989644708577 -1041900.0
27.300000000000118 1.9642951806637425 9.189080214240237 5399.46886142683 0.5311385731704386 1107.5679338482166 13.04132944521391 -1041900.0
27.40000000000012 1.962810600029893 9.245611084378375 5399.032833517994 0.9671664820060698 1105.9799935200458 14.612162225435213 -1041900.0
27.50000000000012 1.9621705834582914 9.200954523582306 5399.810167784388 0.18983221561217928 1105.3024413398778 15.186415973357697 -1041900.0
27.600000000000122 1.9597263523890067 9.073508246567341 5399.499458106797 0.5005418932028464 1104.5166889529355 14.066712332710145 -1041900.0
27.700000000000124 1.955421525703601 8.878324929009644 5398.830549714219 1.169450285780422 1102.6567037375528 13.045469720513527 -1041900.0
27.800000000000125 1.9556707632341495 8.627720396462436 5399.482943736393 0.517056263606916 1101.4323245409596 15.497445716873647 -1041900.0
27.900000000000126 1.9561381841375347 8.513589415287449 5400.290012757459 -0.29001275745914007 1101.6217206604501 15.45552638879772 -1041900.0
28.000000000000128 1.9569878862474739 8.511118612507913 5400.217198484987 -0.21719848498782768 1102.0507187349606 15.651289748143457 -1041900.0
28.10000000000013 1.9586519426156876 8.600006137506474 5400.4193314767035 -0.41933147670382076 1102.7336489432712 16.353807295228822 -1041900.0
28.20000000000013 1.9576688842559213 8.76364138523257 5400.037585327354 -0.03758532735340224 1102.9644032156345 14.497950365375928 -1041900.0
28.300000000000132 1.9585413996947674 8.806615678826647 5399.952174443973 0.04782555602781533 1102.9129531859892 15.894743637855587 -1041900.0
28.400000000000134 1.9586721319446125 8.932685555403621 5400.196959586763 -0.19695958676277392 1103.1701912079823 15.366300959487885 -1041900.0
28.500000000000135 1.9603458369494513 8.944924545330235 5400.305114157509 -0.30511415750919124 1103.6836079206998 16.84574290389443 -1041900.0
28.600000000000136 1.9611834373181243 9.045847355270192 5400.406275789237 -0.40627578923704677 1104.3854189105186 16.045023996160474 -1041900.0
28.700000000000138 1.9619833652121967 9.219329654311975 5400.216640767763 -0.21664076776320434 1104.8629266869336 16.112008192713212 -1041900.0
28.80000000000014 1.9607675295340365 9.452178808073434 5399.860571459233 0.1394285407664795 1104.758327558525 14.79086354949323 -1041900.0
28.90000000000014 1.9595339827675595 9.551782661150991 5399.554048317231 0.4459516827694745 1104.0708639362178 14.943197856524543 -1041900.0
29.000000000000142 1.9546211828672755 9.54236763185081 5398.931480290463 1.068519709537016 1102.376236151986 13.02383241805199 -1041900.0
29.100000000000144 1.9518809155433674 9.443755335150662 5398.781314589224 1.2186854107759528 1100.2060560513592 14.104997975531731 -1041900.0
29.200000000000145 1.9501672639366545 9.27216345603236 5399.4437900220055 0.5562099779943913 1098.9056335781956 14.616063236481706 -1041900.0
29.300000000000146 1.9462309030770701 9.040861009481022 5399.097042995197 0.9029570048036983 1097.3975341277578 13.319905241321589 -1041900.0
29.400000000000148 1.942458198496998 8.760704462302654 5398.743719421718 1.2562805782815292 1095.2445810229224 13.260943378294133 -1041900.0
29.50000000000015 1.9434300957643895 8.440576378247625 5399.75544505231 0.24455494768983896 1094.367340136436 15.900420138967954 -1041900.0
29.60000000000015 1.9457546986380874 8.269562491293511 5400.7290050889505 -0.7290050889507564 1095.2908170089472 16.88422975643516 -1041900.0
29.700000000000152 1.947419686942457 8.220551129240146 5400.624779101936 -0.6247791019356449 1096.4802289212898 16.052307896180753 -1041900.0
29.800000000000153 1.9486386524996973 8.271360014832847 5400.390157743004 -0.390157743004168 1097.2948675204032 15.650257701477546 -1041900.0
29.900000000000155 1.947848327209857 8.403840012135966 5399.9763914416 0.023608558400305752 1097.4270299446512 14.366592360826264 -1041900.0
30.000000000000156 1.9475605081850231 8.421323646293063 5399.782527186634 0.21747281336636842 1097.1106007218561 14.752818268566381 -1041900.0
30.100000000000158 1.9451184605752019 8.526537528785234 5399.527269537127 0.47273046287293063 1096.3523150268009 13.567524990568232 -1041900.0
30.20000000000016 1.9454687431048223 8.521712523551555 5399.706158063013 0.2938419369867513 1095.7378540213283 15.250293144218059 -1041900.0
30.30000000000016 1.9454770335434513 8.608673882905817 5400.146612236167 -0.1466122361668672 1095.8198416808052 15.017464889531212 -1041900.0
30.400000000000162 1.9426380824112104 8.58891499510476 5399.450695945128 0.5493040548719398 1095.1080358556253 13.47173992045965 -1041900.0
30.500000000000163 1.944157724609723 8.481839541449348 5399.849753835585 0.15024616441481634 1094.6634340906994 16.213031579043538 -1041900.0
30.600000000000165 1.945685771279112 8.485141443004013 5400.630597454789 -0.6305974547884662 1095.4882415307843 16.12476900877198 -1041900.0
30.700000000000166 1.945190503599793 8.578752089730555 5400.080648277916 -0.08064827791665058 1095.869248275199 14.674272953115647 -1041900.0
30.800000000000168 1.9454121078021507 8.564433527961363 5399.903112579967 0.09688742003389053 1095.766928770208 15.201882095129651 -1041900.0
30.90000000000017 1.9443499190325013 8.643627431968389 5399.8560682472835 0.1439317527169438 1095.5230486645355 14.390795827364292 -1041900.0
31.00000000000017 1.9442754420201451 8.61751335342868 5399.8175418761075 0.18245812389266897 1095.2049381048187 15.048618923089643 -1041900.0
31.100000000000172 1.9447753876053808 8.687056380078012 5400.122322831736 -0.1223228317360719 1095.2999287302043 15.424183360293164 -1041900.0
31.200000000000173 1.9440496408705072 8.834864310972918 5399.94233367476 0.05766632523936825 1095.270541758598 14.669585818733404 -1041900.0
31.300000000000175 1.9429376087609112 8.864888981705114 5399.658133711337 0.3418662886630313 1094.7644016359702 14.536802981793745 -1041900.0
31.400000000000176 1.9437071600036453 8.798545530486003 5400.003905058471 -0.00390505847136863 1094.6249525569633 15.831455607868307 -1041900.0
31.500000000000178 1.9407941267958024 8.835173615852185 5399.610303095089 0.3896969049107311 1094.077525362736 13.540632698874846 -1041900.0
31.60000000000018 1.9384513230252702 8.774232958424514 5399.081846427033 0.9181535729671134 1092.618615490743 13.847899287415606 -1041900.0
31.70000000000018 1.9382557898288384 8.633463329620058 5399.7157006436 0.284299356399628 1091.828740582638 15.044722454297572 -1041900.0
31.800000000000182 1.9358175336627805 8.609197269689139 5399.600271390494 0.39972860950664957 1091.14498004473 13.67305616390095 -1041900.0
31.900000000000183 1.9324840134121235 8.49843412974566 5398.999710188572 1.0002898114277956 1089.5660867699971 13.212431966315108 -1041900.0
32.000000000000185 1.9312446493266267 8.316900651610085 5399.347488204177 0.6525117958223332 1088.2225747696382 14.213102646484817 -1041900.0
32.100000000000186 1.9334917018532611 8.259282351317342 5400.363179842678 -0.3631798426777109 1088.4576301665425 16.564191530479835 -1041900.0
32.20000000000019 1.9349740281496708 8.30304919653237 5400.66545802332 -0.665458023319715 1089.5492487746953 15.824907048531559 -1041900.0
32.30000000000019 1.9336859118096343 8.429767524435576 5399.891350920547 0.10864907945304453 1089.6783164236335 14.07111088001525 -1041900.0
32.40000000000019 1.9336851561414614 8.44253706544729 5399.746113626529 0.253886373470801 1089.2745233137252 14.9038606441713 -1041900.0
32.50000000000019 1.932764218330618 8.543893962638691 5399.879871955497 0.12012804450318254 1088.9976150766684 14.359578718150605 -1041900.0
32.60000000000019 1.9311584767938872 8.535913242158928 5399.557596570431 0.4424034295685332 1088.323334353537 14.042154958859804 -1041900.0
32.700000000000195 1.9333065385482462 8.438474470857305 5400.193393470839 -0.19339347083835448 1088.4082466998111 16.707264357245148 -1041900.0
32.800000000000196 1.9352493763441396 8.44966093070143 5400.756597687692 -0.7565976876926127 1089.5562916734054 16.403122408083856 -1041900.0
32.9000000000002 1.9365407483976917 8.549722579664806 5400.456263257999 -0.4562632579992466 1090.5199640235078 15.847472054226174 -1041900.0
33.0000000000002 1.9388625278093177 8.722500292453024 5400.559221903672 -0.5592219036714082 1091.5013633071726 16.96430582117979 -1041900.0
33.1000000000002 1.9409485202261276 8.954772966552474 5400.703630279186 -0.7036302791857414 1092.7298884577021 16.919486735084433 -1041900.0
33.2000000000002 1.9387268633057333 9.235723336270206 5399.8124178404105 0.18758215958974786 1092.763924433215 13.985247266718103 -1041900.0
33.3000000000002 1.9363267425992445 9.374682729675623 5399.129769439965 0.8702305600357908 1091.4582347384585 14.059747573562571 -1041900.0
33.400000000000205 1.9350371541251146 9.39746768791642 5399.4793841910405 0.520615808959544 1090.3557093061795 14.780002570025957 -1041900.0
33.500000000000206 1.936347850040872 9.32520083556798 5400.14522579305 -0.14522579304912672 1090.339591345587 16.83318075705417 -1041900.0
33.60000000000021 1.9336496933817093 9.356982501828346 5399.7342913261355 0.2657086738647279 1090.0267835603643 13.95182702788919 -1041900.0
33.70000000000021 1.9318754103297362 9.29207659240501 5399.199224472247 0.8007755277531391 1088.7858303640417 14.473510167449119 -1041900.0
33.80000000000021 1.9320321044759683 9.14806266651319 5399.861173990254 0.13882600974534198 1088.250695692543 15.676332149739544 -1041900.0
33.90000000000021 1.930112766013458 9.12114218169261 5399.7312964782195 0.2687035217803527 1087.8132302022225 14.25024458146113 -1041900.0
34.00000000000021 1.9272196550201464 9.008207239566682 5399.148811492397 0.8511885076034544 1086.4999753017742 13.713753239147744 -1041900.0
34.100000000000215 1.92738402966075 8.82489683237274 5399.661020329466 0.3389796705343566 1085.6614490187674 15.428357284073625 -1041900.0
34.200000000000216 1.9275117692924222 8.765824681032242 5400.1605609496855 -0.16056094968528678 1085.7439520165676 15.25907147023561 -1041900.0
34.30000000000022 1.928320447399699 8.626583829935472 5400.161967078495 -0.1619670784944256 1086.0402414728328 15.704987252542368 -1041900.0
34.40000000000022 1.9261581657871187 8.603568588129022 5399.705395534729 0.29460446527095346 1085.6938178225478 13.788761100677922 -1041900.0
34.50000000000022 1.9252386835491573 8.493828844832835 5399.46673974348 0.5332602565200766 1084.8175418278358 14.443978968849219 -1041900.0
34.60000000000022 1.9278734451043034 8.494950873045047 5400.440773828415 -0.4407738284150236 1085.2124898033082 17.191206343575857 -1041900.0
34.70000000000022 1.927507981614502 8.586777987036857 5400.369045122624 -0.3690451226242565 1085.919362484334 14.70348842471309 -1041900.0
34.800000000000225 1.9282936873835212 8.571000171211974 5399.987574316674 0.01242568332611357 1086.0583298285198 15.537364497794593 -1041900.0
34.900000000000226 1.9259517649395892 8.649000140082524 5399.690912454195 0.3090875458043269 1085.6175569867512 13.664098304232636 -1041900.0
35.00000000000023 1.925861203891103 8.621909205522066 5399.60044132281 0.3995586771897991 1084.9235256911697 14.977518283355806 -1041900.0
35.10000000000023 1.927861726094471 8.690652986336236 5400.452488457845 -0.4524884578450522 1085.3916690491449 16.611698841918056 -1041900.0
35.20000000000023 1.9267228339474074 8.837806988820557 5400.094440072057 -0.09444007205751079 1085.7165902168003 14.38033880277585 -1041900.0
35.30000000000023 1.9285842431407358 8.867296627216819 5400.097079392585 -0.09707939258514676 1085.8934176715054 16.71694457439309 -1041900.0
35.40000000000023 1.9288842086065425 8.982333604086488 5400.385325070054 -0.3853250700536862 1086.477502357667 15.417222402385763 -1041900.0
35.500000000000234 1.92939619085889 8.985545676070762 5400.07462063429 -0.07462063429021736 1086.746020661085 15.6690497682203 -1041900.0
35.600000000000236 1.930985807612927 9.079082825876078 5400.364660703891 -0.3646607038908876 1087.291466741806 16.61696067747033 -1041900.0
35.70000000000024 1.9308918579798398 9.246522312080428 5400.208868552715 -0.20886855271533725 1087.7403786710317 15.317935857576325 -1041900.0
35.80000000000024 1.9310665641014064 9.292609164429441 5399.957859320038 0.0421406799622976 1087.7695627193164 15.647128886624593 -1041900.0
35.90000000000024 1.9307065086229398 9.239407498169543 5399.963274248435 0.036725751565329236 1087.6999484870566 15.30221247940643 -1041900.0
36.00000000000024 1.9289496803838975 9.104969771229626 5399.608993063886 0.3910069361134546 1087.133447995409 14.397558282522262 -1041900.0
36.10000000000024 1.9278850729806642 8.904066176460603 5399.543886028628 0.45611397137219245 1086.3249964688332 14.705750462679886 -1041900.0
36.200000000000244 1.930273113290456 8.64878141710413 5400.356377654511 -0.3563776545104533 1086.6337402601766 17.48114190904502 -1041900.0
36.300000000000246 1.932788953216009 8.530821159448834 5400.879514671788 -0.8795146717872182 1088.0240805582375 17.299070693936223 -1041900.0
36.40000000000025 1.9353704390039506 8.525217312276318 5400.777019711669 -0.7770197116683727 1089.4918155528158 17.241639708398445 -1041900.0
36.50000000000025 1.9338796748197922 8.611541437316987 5400.01497110577 -0.014971105769826758 1089.842366198593 14.099354680773194 -1041900.0
36.60000000000025 1.93604300124798 8.591261175986626 5400.087693600343 -0.08769360034286476 1089.9722742303225 16.834265499779878 -1041900.0
36.70000000000025 1.9350894287243328 8.66557732580724 5400.211001744235 -0.2110017442348975 1090.3067577744948 14.44452895855185 -1041900.0
36.80000000000025 1.934156522420845 8.635472357478651 5399.598709476053 0.4012905239472938 1089.8308041658086 14.502971082102455 -1041900.0
36.900000000000254 1.9322241972358616 8.701750110664351 5399.525990241157 0.4740097588425911 1088.992777233446 13.92745752064589 -1041900.0
37.000000000000256 1.934499797872956 8.665068272361742 5400.175079335899 -0.17507933589885893 1089.0384838799782 17.070942816073398 -1041900.0
37.10000000000026 1.9327937568254177 8.725964950114152 5400.096191629712 -0.09619162971155129 1089.2482515246627 14.06730720088043 -1041900.0
37.20000000000026 1.9349903858246944 8.684880413729761 5400.065939026244 -0.06593902624467769 1089.3819448636393 17.009344675411473 -1041900.0
37.30000000000026 1.9330304041807709 8.742174883960713 5400.027485127236 -0.027485127236364763 1089.448629555043 13.944861945124114 -1041900.0
37.40000000000026 1.9329666213074739 8.698143086876946 5399.609165508999 0.39083449100174655 1088.9095974511697 15.088429924092695 -1041900.0
37.50000000000026 1.9318122499682575 8.75302616199023 5399.843846146889 0.1561538531118307 1088.5238628479503 14.390538155264906 -1041900.0
37.600000000000264 1.9319237579929607 8.707021405264733 5399.85138977192 0.14861022807930332 1088.2482618028673 15.209449453357383 -1041900.0
37.700000000000266 1.934431205578972 8.760290240671145 5400.530875706112 -0.530875706111626 1088.9332549360727 17.391089992689338 -1041900.0
37.80000000000027 1.936194706896432 8.894782924185481 5400.711768168874 -0.7117681688744348 1090.1612275854084 16.577849943646527 -1041900.0
37.90000000000027 1.9381575669071829 9.095731483424485 5400.542008435684 -0.5420084356839395 1091.2267071748897 16.97053809277764 -1041900.0
38.00000000000027 1.9373558044349657 9.35105303189276 5400.081453054638 -0.0814530546376049 1091.571286105604 14.888989202808094 -1041900.0
38.10000000000027 1.9384643492576417 9.469043389730441 5400.01679594143 -0.0167959414298382 1091.629487682245 16.581825170694575 -1041900.0
38.20000000000027 1.938788004387549 9.656490046143087 5400.2635560086155 -0.26355600861515893 1092.0079595775503 15.993699919726062 -1041900.0
38.300000000000274 1.937933274196796 9.718946401389799 5399.848052462955 0.15194753704508726 1091.9056132455064 15.276004787764583 -1041900.0
38.400000000000276 1.9374182203809507 9.67913796477347 5399.758072626007 0.24192737399313222 1091.5003118198429 15.561384432387813 -1041900.0
38.50000000000028 1.936866311176176 9.555658334814657 5399.852164517486 0.14783548251437054 1091.1894344184072 15.500127164394668 -1041900.0
38.60000000000028 1.9361328233497508 9.363720455757447 5399.796975540243 0.2030244597570303 1090.8406907100234 15.273174443732858 -1041900.0
38.70000000000028 1.9350436903268209 9.115771281983365 5399.70167123619 0.2983287638099682 1090.3342631108783 14.895496734625828 -1041900.0
38.80000000000028 1.9345538695805644 8.821994685259117 5399.768680038669 0.2313199613306939 1089.8818418895078 15.09383292485347 -1041900.0
38.90000000000028 1.9336835627242464 8.672541106121097 5399.80158889327 0.1984111067305407 1089.5042009765205 14.643964753005058 -1041900.0
39.000000000000284 1.9358596155704908 8.45935181409908 5400.295846568041 -0.29584656804108433 1089.8369224816367 16.923165466460947 -1041900.0
39.100000000000286 1.9375020175103135 8.375833302444702 5400.673866758841 -0.6738667588403313 1090.9118396896918 16.158882079505283 -1041900.0
39.20000000000029 1.9389793710532062 8.398409065636574 5400.4457288734375 -0.4457288734373683 1091.8255911781137 15.94600629346198 -1041900.0
39.30000000000029 1.9377468417569148 8.507789235520834 5399.928647945943 0.07135205405653208 1091.9140451762855 14.171208271525138 -1041900.0
39.40000000000029 1.938575800543536 8.506373010880681 5399.9165536009905 0.08344639900993377 1091.7662159291606 15.54905636308201 -1041900.0
39.50000000000029 1.939769350254602 8.59612337253874 5400.401594922796 -0.40159492279571296 1092.2966819021995 15.834860280461518 -1041900.0
39.60000000000029 1.9425837821882133 8.760464577531696 5400.683821156284 -0.6838211562831586 1093.430462158668 17.797857073446735 -1041900.0
39.700000000000294 1.945067656291329 8.985834654344115 5400.850396648766 -0.8503966487656512 1094.9186112070429 17.550845254349156 -1041900.0
39.800000000000296 1.9472201310622022 9.261137444463367 5400.679916328045 -0.6799163280448186 1096.2371814923347 17.42630729149759 -1041900.0
39.9000000000003 1.94735178744541 9.577294272742755 5400.260496451566 -0.2604964515660324 1096.8925055156822 15.69508006179894 -1041900.0
40.0000000000003 1.947181651742797 9.745058950425891 5399.91055221075 0.08944778925004174 1096.876924076093 15.735945298858969 -1041900.0
40.1000000000003 1.9477664894337083 9.791411868530274 5400.083348035466 -0.08334803546541067 1096.956435595422 16.54669980541968 -1041900.0
40.2000000000003 1.9486371852031181 9.920246074252042 5400.263125325806 -0.26312532580578535 1097.3625187465195 16.9027299273607 -1041900.0
40.3000000000003 1.9487402492944015 9.934746788024398 5400.129329035939 -0.12932903593908682 1097.6563084962993 16.28418656493374 -1041900.0
40.400000000000304 1.9487230986158497 9.855701917474507 5399.9789318504 0.021068149599936633 1097.6814589847513 16.19299734384485 -1041900.0
40.500000000000306 1.9487041196399812 9.70011975066096 5399.991157256776 0.00884274322418457 1097.660066664118 16.11558964910354 -1041900.0
40.60000000000031 1.9502449509536537 9.481916159631695 5400.290199915475 -0.2901999154744894 1098.0652090218944 17.670709748571255 -1041900.0
40.70000000000031 1.9495422045691146 9.39429503969866 5400.10280916199 -0.1028091619901208 1098.3331118953 15.282758856731013 -1041900.0
40.80000000000031 1.9487233470183976 9.231695941571632 5399.679072477402 0.32092752259820856 1097.924516100643 15.134748113768204 -1041900.0
40.90000000000031 1.948113462769594 9.007751224922243 5399.78712016207 0.21287983792964438 1097.4884951394183 15.148115668378294 -1041900.0
41.00000000000031 1.947224679921088 8.915432820390926 5399.772982504829 0.2270174951713357 1097.0783664374396 14.802913447300686 -1041900.0
41.100000000000314 1.9492651438404698 8.748990489410758 5400.27133548447 -0.27133548447043193 1097.3644227171058 17.185408461643345 -1041900.0
41.200000000000315 1.951340789138776 8.703719491336075 5400.735987871511 -0.7359878715102192 1098.516475873479 17.0226826673598 -1041900.0
41.30000000000032 1.9499802107123942 8.757588674729517 5399.980454767034 0.019545232966274174 1098.8009954977501 14.326557343190586 -1041900.0
41.40000000000032 1.952236054923101 8.710754370233241 5400.138318552149 -0.13831855214898028 1098.9875991589506 17.278061317709348 -1041900.0
41.50000000000032 1.9548258760169885 8.763344484736288 5400.889631589168 -0.889631589168237 1100.2997371341996 17.755920480250786 -1041900.0
41.60000000000032 1.9565375102184026 8.897281851147872 5400.6346039471155 -0.6346039471155978 1101.5710978894929 16.661820491541636 -1041900.0
41.70000000000032 1.9555289294620644 9.097776060030077 5399.968634046645 0.031365953354844454 1101.795975334793 14.677555408883762 -1041900.0
41.800000000000324 1.9572284697824172 9.170907685479154 5400.10675302396 -0.10675302396009596 1101.9330911813304 17.061914975883752 -1041900.0
41.900000000000325 1.9563667110449412 9.321651742664763 5400.139153706437 -0.13915370643747496 1102.1744220358598 14.965658297575272 -1041900.0
42.00000000000033 1.9579095386587657 9.354078698543896 5400.096808613545 -0.09680861354495539 1102.369826543874 17.169673567631087 -1041900.0
42.10000000000033 1.9575689966891705 9.471518935172279 5400.201903520715 -0.20190352071520953 1102.695355456705 15.463737848896152 -1041900.0
42.20000000000033 1.958858291450425 9.476697310595501 5400.135740131841 -0.1357401318408526 1102.972220395252 17.05960074722911 -1041900.0
42.30000000000033 1.9587602979401948 9.571843254123591 5400.1893689158205 -0.18936891582045617 1103.2965950135435 15.751964996195763 -1041900.0
42.40000000000033 1.9602486039967397 9.558780844282937 5400.219728189597 -0.21972818959696744 1103.6864844529937 17.47795171511865 -1041900.0
42.500000000000334 1.961511030726759 9.639002508958766 5400.468312442886 -0.4683124428859769 1104.439501437409 17.161783039156717 -1041900.0
42.600000000000335 1.9628192314750335 9.7955475073299 5400.384940929211 -0.384940929210609 1105.1804476824504 17.344935406782636 -1041900.0
42.70000000000034 1.9611724095711702 10.014538869633554 5399.8397994903335 0.16020050966690086 1105.1179401183151 14.936655030072222 -1041900.0
42.80000000000034 1.9599013776356315 10.102804529700181 5399.4616677801405 0.5383322198598782 1104.2915050044337 15.346491782564046 -1041900.0
42.90000000000034 1.9608559920994832 10.084112797027421 5400.051552645165 -0.05155264516545183 1104.1358898202511 17.522016165576392 -1041900.0
43.00000000000034 1.9600405990014893 10.159728652113344 5400.0416628023 -0.041662802300188956 1104.2164510302423 15.732729990547512 -1041900.0
43.10000000000034 1.9558737694487491 10.130687079001827 5399.048372733713 0.9516272662864219 1102.89327324022 13.749140508234687 -1041900.0
43.200000000000344 1.9565627923139959 10.016016701001496 5399.524634960237 0.47536503976300176 1101.8199939382885 17.17410493606191 -1041900.0
43.300000000000345 1.9526539570773234 10.013104573546679 5399.528137965033 0.4718620349671566 1100.9535855541603 13.787280020608458 -1041900.0
43.40000000000035 1.9523417742128661 9.919812832901828 5399.315918977145 0.6840810228551885 1099.7896458901314 16.034944156282677 -1041900.0
43.50000000000035 1.9512429604677195 9.752574136010587 5399.8875159461595 0.11248405384025954 1099.3411055045797 15.361420495705827 -1041900.0
43.60000000000035 1.950570292384996 9.524833384008662 5399.7191587025545 0.28084129744514486 1098.8977068776512 15.52413799313742 -1041900.0
43.70000000000035 1.9475709785077189 9.247590950552542 5399.365697997106 0.6343020028939588 1097.8848986454568 13.946533478675978 -1041900.0
43.80000000000035 1.9445679301945469 8.92984714136117 5399.001462695888 0.9985373041119359 1096.2090155347362 13.768427967082655 -1041900.0
43.900000000000354 1.9461122815880534 8.578965842931867 5399.946708294545 0.05329170545556131 1095.7105477048055 16.60585277240707 -1041900.0
44.000000000000355 1.9479187502744386 8.382790235126073 5400.6902825413645 -0.6902825413647857 1096.6605601224753 16.49866375457762 -1041900.0
44.10000000000036 1.9477706519741935 8.313192010557696 5400.182773989153 -0.18277398915355555 1097.2107684707314 14.825796226414724 -1041900.0
44.20000000000036 1.950195979080043 8.347157099547205 5400.362539336626 -0.3625393366252802 1097.7990825674376 16.878906646168016 -1041900.0
44.30000000000036 1.9519624640551865 8.465855808720441 5400.713433235646 -0.7134332356459883 1098.958026675192 16.244292212645934 -1041900.0
44.40000000000036 1.9527651685955412 8.653882025316724 5400.330800112137 -0.33080011213718513 1099.7266197251072 15.5569687549012 -1041900.0
44.50000000000036 1.9546740541629704 8.898630747986411 5400.414935033165 -0.4149350331655512 1100.4515224343836 16.735919178483865 -1041900.0
44.600000000000364 1.9565588700830325 9.189788793807065 5400.6211051136215 -0.621105113621468 1101.5025919935383 17.024467882564203 -1041900.0
44.700000000000365 1.9559305468388246 9.518918104023962 5400.098112780408 -0.0981127804083712 1101.9041814693094 15.130680662067116 -1041900.0
44.80000000000037 1.9571881911806932 9.69729663056506 5400.0707797829655 -0.07077978296557623 1102.0455100024012 17.070452886143016 -1041900.0
44.90000000000037 1.9545226348552742 9.93415178864414 5399.715770670452 0.2842293295479029 1101.6750415050456 14.251528094732514 -1041900.0
45.00000000000037 1.9553060940854472 10.037033281617934 5399.695953874816 0.30404612518431196 1101.1261272789325 17.024333725381418 -1041900.0
45.10000000000037 1.9534017863826283 10.212118139505582 5399.860245545067 0.13975445493293587 1100.8002976948537 14.929413081887136 -1041900.0
45.20000000000037 1.953860350994876 10.264460295959113 5399.7681148705 0.23188512950071957 1100.4143156584955 16.987994240959267 -1041900.0
45.300000000000374 1.9490363900540666 10.21637660578473 5399.226547252632 0.7734527473677522 1099.2262014425462 13.472844011265824 -1041900.0
45.400000000000375 1.948671137053662 10.08612631382387 5399.179708381093 0.8202916189070376 1097.7424665866224 16.166023040999804 -1041900.0
45.50000000000038 1.9452783039656678 9.88864880221953 5399.48450298625 0.5154970137497293 1096.6683276478325 14.087983708618381 -1041900.0
45.60000000000038 1.9458841133021745 9.63616720181598 5399.61135042137 0.38864957862977756 1095.9021496577134 16.71558806684397 -1041900.0
45.70000000000038 1.9459300352756288 9.520500437849437 5400.222286155092 -0.22228615509162086 1096.0505634288982 15.952687242549077 -1041900.0
45.80000000000038 1.9474293826854734 9.334954903694994 5400.267366250118 -0.2673662501187594 1096.5215318050746 17.305209514502216 -1041900.0
45.90000000000038 1.9436772730734575 9.274054012114087 5399.512341274665 0.48765872533433224 1095.947783951129 13.44202237551731 -1041900.0
46.000000000000384 1.9448007990941536 9.133316919002434 5399.584853771013 0.4151462289871579 1095.156075614944 16.550744951409293 -1041900.0
46.100000000000385 1.9466212965382503 9.10907747918381 5400.659149982584 -0.6591499825835496 1095.908795939314 17.177888741236213 -1041900.0
46.20000000000039 1.9476279547784565 9.18015430115039 5400.426625655511 -0.42662565551126286 1096.7893910805446 16.2831284580136 -1041900.0
46.30000000000039 1.9476016572849926 9.329217155486683 5400.071989360659 -0.07198936065914614 1097.07171336765 15.510816418097665 -1041900.0
46.40000000000039 1.9472306648825426 9.360268581761831 5399.891009225722 0.10899077427811436 1096.9486688556117 15.383720371217851 -1041900.0
46.50000000000039 1.9486112869802268 9.294765203259681 5400.208368007172 -0.2083680071720566 1097.1960472894234 16.951846676627028 -1041900.0
46.60000000000039 1.948821676518326 9.33208062084883 5400.265544379439 -0.265544379438911 1097.6585473550936 15.791233279616124 -1041900.0
46.700000000000394 1.9474564207347724 9.271702326149043 5399.720819113012 0.27918088698811405 1097.3777723022095 14.7399258077317 -1041900.0
46.800000000000395 1.9463028823388124 9.131392812303762 5399.565477055978 0.4345229440221746 1096.6471567779993 14.82358543575715 -1041900.0
46.9000000000004 1.9458897969085476 8.925685028248532 5399.80090845413 0.1990915458702037 1096.1823990616026 15.195701100574096 -1041900.0
47.0000000000004 1.94732802826385 8.848287750385163 5400.252472506491 -0.25247250649093644 1096.4537180077994 16.50160956520994 -1041900.0
47.1000000000004 1.94640355039836 8.875871795769678 5400.057759496693 -0.057759496692873925 1096.642149481392 14.667530242523748 -1041900.0
47.2000000000004 1.942946442305599 8.8075314692661 5399.149114259785 0.8508857402148617 1095.467741500027 13.321074834026962 -1041900.0
47.3000000000004 1.9423597740907288 8.660707565763174 5399.397339577051 0.6026604229495338 1094.2578174102398 14.833502911171825 -1041900.0
47.400000000000404 1.9411632168774464 8.631488008351687 5399.819243159842 0.1807568401578572 1093.747603003127 14.36792339747026 -1041900.0
47.500000000000405 1.9384176950702026 8.516672006833199 5399.318280865773 0.6817191342267197 1092.7104198427749 13.522866657272544 -1041900.0
47.600000000000406 1.9403418531098613 8.331822551045343 5399.9847126886425 0.015287311357864621 1092.3998311081593 16.500548311162355 -1041900.0
47.70000000000041 1.9425934973645131 8.271491178128008 5400.823999840851 -0.8239998408511279 1093.5543650639027 16.6492806120121 -1041900.0
47.80000000000041 1.9449915608486352 8.313038236650188 5400.720453491876 -0.720453491875512 1094.9188599664762 16.756669378222483 -1041900.0
47.90000000000041 1.94483290853503 8.437940375441062 5400.245492567387 -0.2454925673877753 1095.5702312744809 14.760769319654957 -1041900.0
48.00000000000041 1.9463717281634194 8.63104212536087 5400.179576138984 -0.17957613898418287 1095.9273429028822 16.095980759966118 -1041900.0
48.10000000000041 1.9444456788355449 8.879943557113439 5399.880670693254 0.11932930674647532 1095.8353481926056 13.956830987614765 -1041900.0
48.200000000000415 1.9428693533730812 8.992681092183723 5399.35282569845 0.6471743015502798 1094.8728839756607 14.300067988401137 -1041900.0
48.300000000000416 1.939638370746672 8.994011802695773 5399.22205786159 0.7779421384102715 1093.5023615987834 13.492981421378062 -1041900.0
48.40000000000042 1.9376721934208583 8.904191474932906 5399.198371425496 0.8016285745041111 1092.0430194706212 14.144610178683788 -1041900.0
48.50000000000042 1.9396674065968311 8.739793024945106 5400.196547432353 -0.1965474323536091 1091.9800642872174 17.033598698015194 -1041900.0
48.60000000000042 1.9369802482804592 8.696194293136905 5399.869065247677 0.13093475232312854 1091.8789133325124 13.611984893839558 -1041900.0
48.70000000000042 1.93516319517689 8.569613512566558 5399.164868411731 0.8351315882690298 1090.6466965896564 14.032807468100891 -1041900.0
48.80000000000042 1.9343242467308395 8.375138328463548 5399.66526976995 0.3347302300499288 1089.8209659020897 14.494310474268662 -1041900.0
48.900000000000425 1.9365604959588754 8.306931359651994 5400.367788996649 -0.36778899664949305 1090.197254980828 16.639670935425634 -1041900.0
49.000000000000426 1.9342267011649235 8.342034748806176 5399.926419883073 0.07358011692692654 1090.2495231306573 13.533255943293247 -1041900.0
49.10000000000043 1.9350186491995345 8.279846612659599 5399.7055530072785 0.29444699272126407 1089.803449348336 15.37340210252981 -1041900.0
49.20000000000043 1.9373806661764874 8.319874501266945 5400.656167555562 -0.6561675555623592 1090.6031439092096 16.67080766715915 -1041900.0
49.30000000000043 1.9387217113979662 8.443533682854772 5400.587139896767 -0.5871398967677341 1091.7086390673137 15.783654198394078 -1041900.0
49.40000000000043 1.936119149978311 8.635618467790268 5399.617557090555 0.3824429094450589 1091.4187243241352 13.4815702408476 -1041900.0
49.50000000000043 1.9340674131322262 8.701869655464764 5399.166646828522 0.8333531714778908 1090.0823739119182 13.869282131978181 -1041900.0
49.600000000000435 1.933374285424643 8.665166081743898 5399.659939994559 0.3400600054409144 1089.2498876195455 14.66669803257117 -1041900.0
49.700000000000436 1.9346440664269258 8.72604497597228 5400.213675654416 -0.21367565441592182 1089.4067711743103 16.016131873989277 -1041900.0
49.80000000000044 1.9337755954821547 8.866764071250048 5400.050645986621 -0.05064598662131953 1089.5687298469322 14.580107495509365 -1041900.0
49.90000000000044 1.9355818058687526 8.89098878556822 5400.157396201649 -0.15739620164885298 1089.8119749933828 16.739844531052153 -1041900.0
50.00000000000044 1.9325162443984234 9.00171809728309 5399.729280760973 0.2707192390268138 1089.497267575093 13.50241828912722 -1041900.0
50.10000000000044 1.929360012599169 9.001405715958892 5398.868981592453 1.1310184075470364 1087.7888776815118 13.51590039616828 -1041900.0
50.20000000000044 1.9304954028125332 8.910241040330003 5399.848861049137 0.15113895086349372 1087.0963710949454 16.199357724523637 -1041900.0
50.300000000000445 1.9302876918969465 8.926560851179094 5400.257637826243 -0.2576378262432556 1087.395299876956 15.109934985720145 -1041900.0
50.400000000000446 1.9279537054635925 8.849004332782895 5399.47707057938 0.5229294206197044 1086.7677307616298 13.884713962753278 -1041900.0
50.50000000000045 1.927803687544948 8.694639908640552 5399.619261809691 0.38073819030909584 1086.0095485771417 15.093187925342372 -1041900.0
50.60000000000045 1.9246365191237973 8.65925083434227 5399.471032731597 0.5289672684031892 1085.1028007032703 13.325829686763173 -1041900.0
50.70000000000045 1.9237610440658135 8.539387046280039 5399.3558014329055 0.6441985670941668 1083.9708428004317 14.50186371424602 -1041900.0
50.80000000000045 1.9227145532714276 8.532225765138213 5399.785782322917 0.21421767708341313 1083.3958699009731 14.323201365300545 -1041900.0
50.90000000000045 1.9200654597891933 8.435457444203992 5399.373048641982 0.6269513580186612 1082.4216671424415 13.476719144424171 -1041900.0
51.000000000000455 1.9178787228030545 8.265374272530538 5399.216869777539 0.7831302224615042 1081.0524092831931 13.645585080523624 -1041900.0
51.100000000000456 1.9144702601791703 6.7625789502522595 5397.970913142279 2.0290868577212753 1077.8613786863402 12.950779256332737 -1040211.5873336551
51.20000000000046 1.9180921980037375 5.533019141115485 5397.94778730014 2.052212699860101 1074.1094781645636 16.132696859256594 -1036517.5354468494
51.30000000000046 1.922015220579071 4.527015660912669 5404.593086304835 -4.593086304835495 1079.710998583336 15.394246263090558 -1040443.1679161064
51.40000000000046 1.9236093231160476 3.794830995292184 5401.250595757777 -1.2505957577767448 1083.420556599294 13.460471383111223 -1041900.0
51.50000000000046 1.9249129344269997 3.2866799052390596 5400.0905370129285 -0.09053701292888014 1084.078375851808 12.995959096913571 -1041900.0
51.60000000000046 1.9294748646137865 2.9618290133774123 5401.032211775337 -1.0322117753364357 1085.571149936739 14.426284496199242 -1041900.0
51.700000000000465 1.934733174667432 2.7869510109451556 5401.65269155523 -1.6526915552308112 1088.3374501308022 14.68710998811976 -1041900.0
51.800000000000466 1.9369217992705703 2.734778099864218 5401.040268229853 -1.040268229852253 1090.5039292860818 13.015291021237285 -1041900.0
51.90000000000047 1.944243066451891 2.7830002635252695 5401.518661097687 -1.5186610976867054 1093.0847965021796 16.133196066550394 -1041900.0
52.00000000000047 1.9486976196282504 2.9133638519752205 5401.883322130601 -1.8833221306012384 1096.3823096896158 14.187025307299738 -1041900.0
52.10000000000047 1.9524668157726153 3.1109340607069984 5401.119323840177 -1.1193238401767251 1098.7579655637996 13.895545258812376 -1041900.0
52.20000000000047 1.957349200774245 3.363491504214817 5401.330001863796 -1.3300018637951634 1101.1065314981222 14.65308219499081 -1041900.0
52.30000000000047 1.9630372059227106 3.6610385034484865 5401.687669734175 -1.6876697341746665 1104.0483789438233 15.390600525211008 -1041900.0
52.400000000000475 1.9687747909426305 3.9953951391851255 5401.770195430474 -1.7701954304743484 1107.2581562726518 15.686225221943042 -1041900.0
52.500000000000476 1.9712706475805952 4.359868750242375 5401.134422827779 -1.1344228277797694 1109.6071208995147 13.818024853956253 -1041900.0
52.60000000000048 1.972703399444053 4.74898352292558 5400.44000866962 -0.44000866961966933 1110.7080883939873 13.452186431860104 -1041900.0
52.70000000000048 1.9776105135058795 5.15825924603002 5401.059033314069 -1.0590333140691714 1112.3868300094296 15.921072067494983 -1041900.0
52.80000000000048 1.977011639894943 5.584030292206379 5400.588725421575 -0.588725421574904 1113.665374253594 12.853995456343297 -1041900.0
52.90000000000048 1.9813334198472812 6.023297511805219 5400.539726718471 -0.5397267184706407 1114.6754687786668 16.15939876911775 -1041900.0
53.00000000000048 1.9821779345512782 6.473607055113361 5400.843771153146 -0.8437711531459987 1116.0931864620811 14.0336270021271 -1041900.0
53.100000000000485 1.9833374438469793 6.932951226910932 5400.190350755088 -0.19035075508753377 1116.7191496449334 14.487826391354133 -1041900.0
53.200000000000486 1.9866254408894959 7.3996873674725805 5400.763350577284 -0.763350577284182 1117.8754193284838 16.520473923635617 -1041900.0
53.30000000000049 1.9887014251121233 7.8724714824775655 5400.856623927077 -0.8566239270762844 1119.4060630865026 15.836796125185906 -1041900.0
53.40000000000049 1.9910924900828195 8.350203940208917 5400.6423226236175 -0.6423226236178365 1120.6743042082605 16.623473851461526 -1041900.0
53.50000000000049 1.991901758607278 8.831985041989114 5400.4400771088885 -0.44007710888826745 1121.5667176470981 15.639108685743324 -1041900.0
53.60000000000049 1.9902652693163374 9.317078670718367 5399.7287672003185 0.27123279968151665 1121.3711433265155 14.357788577739484 -1041900.0
53.70000000000049 1.9906520318582062 9.623064366951391 5399.795723539182 0.2042764608180338 1120.9683150861579 16.151171006171207 -1041900.0
53.800000000000495 1.9908567190943327 9.964325391142047 5400.163794203998 -0.1637942039983025 1121.1124879002048 16.287736955700044 -1041900.0
53.900000000000496 1.9906265978661135 10.152629865479858 5399.973204338838 0.026795661162710198 1121.1441815561216 16.230067863919015 -1041900.0
54.0000000000005 1.990064405708512 10.215788071756247 5399.847892589674 0.1521074103253778 1120.9185008546403 16.1186193304189 -1041900.0
54.1000000000005 1.9887143236329592 10.176553876891475 5399.669565772669 0.3304342273317521 1120.3884254863517 15.548733266198932 -1041900.0
54.2000000000005 1.987755711076573 10.053544081093024 5399.634999885486 0.36500011451391123 1119.734036212613 15.807340948704864 -1041900.0
54.3000000000005 1.9841934425796917 9.861990611803384 5399.232333357963 0.7676666420363055 1118.4976338654303 14.051194571440355 -1041900.0
54.4000000000005 1.9822176542438183 9.61435595511186 5399.11956793153 0.8804320684698749 1116.9316144247327 14.83680187977893 -1041900.0
54.500000000000504 1.9817088643930258 9.320836690546066 5399.736727305757 0.2632726942425696 1116.1873600015138 15.646811567936835 -1041900.0
54.600000000000506 1.9818039774734608 9.171593655901328 5400.01400789784 -0.014007897840048534 1116.0954695072116 15.866026449221021 -1041900.0
54.70000000000051 1.9787690312977004 9.140394809373813 5399.4545318876735 0.54546811232688 1115.3328442856273 13.774050847768684 -1041900.0
54.80000000000051 1.9743085845135706 9.023959389487665 5398.689141198571 1.3108588014295808 1113.2545657547867 13.036623643818942 -1041900.0
54.90000000000051 1.9718710022489385 8.837784955035362 5398.9758448021985 1.0241551978017436 1111.2557269492777 13.98701337038574 -1041900.0
55.00000000000051 1.9683757940494306 8.594551326847114 5399.1386452335055 0.8613547664945339 1109.607836279419 13.325777649748142 -1041900.0
55.10000000000051 1.9648558800131886 8.304632903784002 5398.889284945482 1.110715054517862 1107.6776243466097 13.171503422101713 -1041900.0
55.200000000000514 1.964397864476723 7.97651783036873 5399.503342247043 0.49665775295634423 1106.5068903895785 14.634417875550826 -1041900.0
55.300000000000516 1.9665469041279673 7.798969133938051 5400.467292208709 -0.467292208709596 1106.9547222243968 16.320772025001194 -1041900.0
55.40000000000052 1.9655268804841044 7.744611109585678 5400.146506038267 -0.14650603826673358 1107.3592811288074 13.993785290572072 -1041900.0
55.50000000000052 1.9648343542944788 7.791045453297373 5399.626343831196 0.3736561688036511 1106.8949181471883 14.139325931643318 -1041900.0
55.60000000000052 1.9618708527206425 7.919946279970579 5399.374621561594 0.6253784384063515 1105.8553297119008 12.999629580225298 -1041900.0
55.70000000000052 1.9604094825211187 7.93450150179411 5399.302370132487 0.697629867512457 1104.6072087706914 13.816141863806491 -1041900.0
55.80000000000052 1.960263340128762 8.037319410558817 5399.860259569665 0.13974043033562336 1104.1145194405233 14.5623294715791 -1041900.0
55.900000000000524 1.9595475684889088 8.212352245002668 5399.8969159052485 0.10308409475111599 1103.9100240085568 14.293352427859457 -1041900.0
56.000000000000526 1.9586572034011442 8.446470018638546 5399.723054451993 0.2769455480062917 1103.4761000752412 14.302386246346554 -1041900.0
56.10000000000053 1.9582761519071137 8.547111833431538 5399.818081623855 0.18191837614497422 1103.1023521708985 14.75943833124487 -1041900.0
56.20000000000053 1.954126819183493 8.720364227353077 5399.192263229805 0.8077367701950152 1101.8871176702082 12.830189532562432 -1041900.0
56.30000000000053 1.949936529249812 8.771207095107062 5398.588857454687 1.4111425453126942 1099.5563374332999 12.897721522388663 -1041900.0
56.40000000000053 1.9459035067469477 8.721896714178506 5398.756517788228 1.2434822117717952 1097.2059465577006 12.99273182807214 -1041900.0
56.50000000000053 1.9426461765369185 8.59064276614605 5398.928648385282 1.0713516147178557 1095.1691756747723 13.330592903595264 -1041900.0
56.600000000000534 1.9397305936086235 8.392344081392222 5399.098637865317 0.9013621346834026 1093.444903342363 13.417970988688744 -1041900.0
56.700000000000536 1.9408092328164008 8.139190612048182 5399.876998849493 0.12300115050678964 1092.8894171761933 15.650988817317533 -1041900.0
56.80000000000054 1.9373610154000185 8.022974137130332 5399.618335473035 0.3816645269653661 1092.299499369884 12.912359363733254 -1041900.0
56.90000000000054 1.9329653255329713 7.83697883947027 5398.597085951004 1.4029140489959875 1090.1609677154154 12.416153151248047 -1041900.0
57.00000000000054 1.9345987165881184 7.593891777748403 5399.76642852306 0.23357147693985766 1089.2370299476327 15.580406701908455 -1041900.0
57.10000000000054 1.9365822863827016 7.48591145452142 5400.794457633127 -0.7944576331269793 1090.2573864464862 15.65642053823277 -1041900.0
57.20000000000054 1.933103686954577 7.488473008244799 5399.575298625651 0.4247013743487747 1089.9958322464747 12.556952156710302 -1041900.0
57.300000000000544 1.9356741236471204 7.3996597340184715 5399.872959051294 0.12704094870644866 1089.6367581670233 16.041945217372373 -1041900.0
57.400000000000546 1.9358294521476873 7.417903418742386 5400.559546045335 -0.5595460453354223 1090.3712931826497 14.317170650400604 -1041900.0
57.50000000000055 1.9328109245226877 7.523739160789225 5399.357003120627 0.6429968793731806 1089.702558102835 12.730018349120645 -1041900.0
57.60000000000055 1.9324811064245633 7.519422949736638 5399.464951600348 0.5350483996520743 1088.6760442308707 14.112945243872351 -1041900.0
57.70000000000055 1.9294363531857421 7.606800595239068 5399.4956380369795 0.5043619630204905 1087.7385377035223 12.763350087116763 -1041900.0
57.80000000000055 1.9300029245520265 7.587382305195601 5399.654030970069 0.345969029931471 1087.0372178680282 14.673177155541246 -1041900.0
57.90000000000055 1.9270475463905112 7.662403704250947 5399.638942445983 0.361057554016859 1086.3817969057277 12.834500258248115 -1041900.0
58.000000000000554 1.9232636602386979 7.632875758023502 5398.812114644107 1.1878853558926254 1084.5549780363717 12.492871341400528 -1041900.0
58.100000000000556 1.9191158900796985 7.5178074383828655 5398.74684564513 1.2531543548701014 1082.2856201594611 12.311970941953899 -1041900.0
58.20000000000056 1.9203243234554992 6.15093335867689 5399.5053632791905 0.49463672080959736 1081.0573395733754 14.975341602267795 -1041554.0401145482
58.30000000000056 1.9241400385861969 5.123490929826547 5401.34019845599 -1.340198455989892 1082.735953228242 15.831737905590916 -1041900.0
58.40000000000056 1.9224659706740836 4.37376530622172 5400.169849499654 -0.16984949965407686 1083.5435153185945 12.24252197353259 -1041900.0
58.50000000000056 1.927916815225247 3.851262523272316 5400.618051744547 -0.6180517445476177 1084.4863664145153 15.729163999584193 -1041900.0
58.60000000000056 1.9332755823349093 3.514669337222804 5401.915722530025 -1.9157225300250074 1087.4476733990089 15.303889628114279 -1041900.0
58.700000000000564 1.9372440027643212 3.330184003182294 5401.364475972818 -1.3644759728175375 1090.1824863974393 14.2435523345705 -1041900.0
58.800000000000566 1.9387085241897546 3.2701505480582407 5400.6735322633185 -0.6735322633186734 1091.71003116893 12.91316279865529 -1041900.0
58.90000000000057 1.9391560500654939 3.3119413575021968 5400.167304887862 -0.16730488786234474 1092.231341435575 12.442038816815051 -1041900.0
59.00000000000057 1.9408270034285042 3.437042928865434 5400.336372996058 -0.3363729960587232 1092.7762282594751 13.005805407718318 -1041900.0
59.10000000000057 1.9433404441101103 3.6303078508899005 5400.717919103968 -0.7179191039674341 1093.9303984272944 13.467283585659622 -1041900.0
59.20000000000057 1.948972464368563 3.8793427870917365 5401.384740554659 -1.3847405546595777 1096.185895568892 15.448143187841055 -1041900.0
59.30000000000057 1.952197623908756 4.174007734893239 5401.372730911123 -1.3727309111231916 1098.70720341784 14.081867040903065 -1041900.0
59.400000000000574 1.9525332997031162 4.506006328549014 5400.342988832367 -0.3429888323673735 1099.7725125889615 12.791290867576729 -1041900.0
59.500000000000576 1.9574992549318755 4.868550632449193 5400.870823686964 -0.8708236869642334 1101.1449304288178 15.636077629781637 -1041900.0
59.60000000000058 1.9587369789343259 5.256086881094794 5400.987909656546 -0.9879096565465098 1102.906124378165 13.55763240661238 -1041900.0
59.70000000000058 1.962774385744103 5.664071084532105 5400.765052293881 -0.7650522938814209 1104.4029567546197 15.513616582478203 -1041900.0
59.80000000000058 1.9665015504206267 6.0887854327989945 5401.272589810449 -1.2725898104486733 1106.5204179701475 15.611006914495146 -1041900.0
59.90000000000058 1.969073159142322 6.527188081380996 5400.908381547089 -0.9083815470896907 1108.3399056496273 15.085776751515043 -1041900.0
60.00000000000058 1.9683477180441937 6.976790248402633 5400.113702655835 -0.11370265583494867 1108.8852664676647 13.440941257421205 -1041900.0
60.100000000000584 1.9653591956859187 7.435555657783972 5399.2339232485565 0.7660767514436079 1107.8540742509545 12.58314671137422 -1041900.0
60.200000000000585 1.9608911663995277 7.720000083641431 5398.734033589748 1.2659664102519572 1105.7455110362976 12.134864018724006 -1041900.0
60.30000000000059 1.9619148094306385 7.86181825025208 5399.629534603534 0.3704653964657135 1104.6867555347305 15.169327547311402 -1041900.0
60.40000000000059 1.9617653795149967 8.068760386569885 5400.296050353243 -0.29605035324341583 1104.946813154349 14.517280909726633 -1041900.0
60.50000000000059 1.9595029249294498 8.328985770829906 5399.504727470415 0.49527252958514906 1104.3744995099385 13.487599356272 -1041900.0
60.60000000000059 1.9595271791842905 8.450988357951742 5399.658840138311 0.3411598616897016 1103.6838097122736 14.937783616617178 -1041900.0
60.70000000000059 1.9543106721041643 8.641717747415061 5399.108209136555 0.8917908634446197 1102.282624604324 12.295387312334473 -1041900.0
60.800000000000594 1.9520499009215169 8.706859975157778 5398.775510670138 1.2244893298622277 1100.1791998124472 13.804441116101993 -1041900.0
60.900000000000595 1.9488885206516913 8.669249070583637 5399.253698441705 0.7463015582954411 1098.6084774409476 13.38051126219672 -1041900.0
61.0000000000006 1.9461601079349575 8.547567421386612 5399.088661713836 0.9113382861638232 1097.0079699350254 13.568815580456643 -1041900.0
61.1000000000006 1.9424450465495502 8.357100617498137 5398.993374982828 1.006625017172437 1095.2032278524962 13.014885305925835 -1041900.0
61.2000000000006 1.936527295380441 8.110355050680294 5398.4167395877375 1.5832604122628289 1092.5456049243367 11.920398854097302 -1041900.0
61.3000000000006 1.9380892556341636 7.817563223283877 5399.529495629387 0.47050437061292183 1091.2113618513433 15.77374302414714 -1041900.0
61.4000000000006 1.9372643031048753 7.668915364504991 5400.304418962175 -0.30441896217468417 1091.4407943159079 14.034962446104224 -1041900.0
61.500000000000604 1.933270461199489 7.638203480049538 5399.052760127268 0.9472398727319722 1090.2352069751905 12.418300883401109 -1041900.0
61.600000000000605 1.9327486689085915 7.522166483676894 5399.315043753596 0.6849562464036708 1088.8684739179691 14.078327849629016 -1041900.0
61.70000000000061 1.9327765447424017 7.518136213917459 5400.083217097383 -0.08321709738248448 1088.6953053597063 14.311835899908749 -1041900.0
61.80000000000061 1.9276275374597571 7.605747811387012 5399.048274447234 0.951725552766307 1087.3896081051482 11.836314251302772 -1041900.0
61.90000000000061 1.9250147440876473 7.586520936589373 5398.712703794829 1.287296205171009 1085.1722761176895 12.998305322405242 -1041900.0
62.00000000000061 1.926907382431015 7.661698948118578 5400.156729874742 -0.15672987474198669 1084.8472949202085 15.53308282750534 -1041900.0
62.10000000000061 1.9253591658816955 7.814117321187927 5400.09545227707 -0.09545227706972806 1085.0482406454903 13.54051823174855 -1041900.0
62.200000000000614 1.9203311165415622 7.8479141718810315 5398.731182878508 1.2688171214918424 1083.300949086786 12.020514008203346 -1041900.0
62.300000000000615 1.915953847966201 7.784657049720844 5398.462410445797 1.5375895542025038 1080.596506945402 12.313062462793724 -1041900.0
62.40000000000062 1.916490042622578 6.3692648588625085 5397.05429136948 2.945708630520167 1075.7940655140173 14.70396539274108 -1038124.6229233202
62.50000000000062 1.9126196603963543 5.211216702705689 5400.408351818574 -0.40835181857433017 1075.1204527670482 11.820673350601316 -1038705.7588057376
62.60000000000062 1.9103768325590784 4.2637227567592 5396.054360780565 3.9456392194351166 1069.7341882779397 11.984881874541871 -1034514.6293966435
62.70000000000062 1.9148666144823627 3.488500437348436 5399.511195856594 0.4888041434057397 1067.3725122108403 14.819057117394106 -1032089.8108646276
62.80000000000062 1.9201462268329141 2.854227630557811 5405.42586680604 -5.425866806040106 1074.8103055837466 14.904441273628851 -1036946.7619760863
62.900000000000624 1.9255970881781002 2.426186243183664 5404.387940404456 -4.387940404455944 1083.2934811393864 14.697358286580366 -1041900.0
63.000000000000625 1.9312888969087156 2.1668796535139068 5401.0053726746455 -1.0053726746452964 1086.5705379694507 14.632136866171004 -1041900.0
63.10000000000063 1.9372572558961807 2.0456288074204694 5401.802946859805 -1.8029468598055618 1089.5371681089664 14.685593935064553 -1041900.0
63.20000000000063 1.9377395731262466 2.0373326606167477 5400.824276126338 -0.8242761263380455 1091.4630226395343 12.012766065587623 -1041900.0
63.30000000000063 1.937521433635264 2.121453995050066 5399.806257378008 0.19374262199191086 1091.5395323627151 11.727877345747448 -1041900.0
63.40000000000063 1.9406459587454112 2.2811896323136907 5400.5477411721195 -0.5477411721198906 1092.2291528025075 13.187119815878857 -1041900.0
63.50000000000063 1.9456762700052068 2.502791517347565 5401.444325548838 -1.4443255488375508 1094.4964497577985 14.240719594992235 -1041900.0
63.600000000000634 1.947677415446039 2.7750112414661894 5401.024434697922 -1.0244346979219503 1096.5522722798776 12.849501294897067 -1041900.0
63.700000000000635 1.9468667240475697 3.0886455611996095 5399.959510515913 0.040489484086499286 1096.9295829087189 11.755009964050693 -1041900.0
63.80000000000064 1.9497035241646352 3.436164550072408 5400.342434789773 -0.3424347897729308 1097.394905986256 13.491308072101743 -1041900.0
63.90000000000064 1.9542930484783834 3.811407359150152 5401.338802805313 -1.3388028053136338 1099.4264714898065 14.643040041711748 -1041900.0
64.00000000000064 1.9594092581335223 4.209333293850125 5401.559340676476 -1.5593406764758408 1102.191234892414 15.255734354988606 -1041900.0
64.10000000000063 1.9572445573185013 4.625818149513738 5400.193960784569 -0.19396078456922797 1103.125686084698 11.73520507620749 -1041900.0
64.20000000000063 1.9594071914726434 5.057487576874877 5399.888990574834 0.1110094251661983 1103.0515131772959 13.918755606738747 -1041900.0
64.30000000000062 1.9630609450972483 5.501580744715809 5401.110846699708 -1.1108466997083764 1104.5696281809146 15.089964548269766 -1041900.0
64.40000000000062 1.959614279717965 5.955838791131116 5399.830169551442 0.16983044855799168 1104.8013360795726 11.712857919396434 -1041900.0
64.50000000000061 1.9583782568469075 6.418413556380004 5399.096095214303 0.9039047856969022 1103.455726126337 12.885408502643623 -1041900.0
64.6000000000006 1.9604885592775467 6.887792909765458 5400.3473718961 -0.34737189610011154 1103.5619174988065 14.964535224897048 -1041900.0
64.7000000000006 1.9570951193302395 7.362739653444465 5399.733136548382 0.2668634516173337 1103.3331925794241 12.344537681380526 -1041900.0
64.8000000000006 1.9537788148585378 7.660423352818198 5398.76764679915 1.2323532008503868 1101.48365681594 12.603356771715688 -1041900.0
64.90000000000059 1.9510844146073707 7.9948918341239805 5399.114739097903 0.8852609020966773 1099.7138064477256 13.03842919214714 -1041900.0
65.00000000000058 1.9514162243044664 8.177638773374166 5399.7822342160725 0.21776578392767054 1099.0316238356825 14.86940504593313 -1041900.0
65.10000000000058 1.9507498676935329 8.418068087306136 5400.020389338119 -0.020389338118435064 1098.9680197207063 14.385849704737083 -1041900.0
65.20000000000057 1.944584350602707 8.52387388961411 5398.715460776254 1.2845392237458406 1097.1667490338102 11.851146489970375 -1041900.0
65.30000000000057 1.9383703578273825 8.519533182411545 5397.90776171052 2.092238289479543 1093.6741406530653 11.876586466251956 -1041900.0
65.40000000000056 1.9386267037993516 8.425072603791264 5399.338087197603 0.6619128023963876 1091.8543964797495 15.154974446212819 -1041900.0
65.50000000000055 1.9385871849572922 8.438695766738308 5400.266905511374 -0.266905511373537 1091.949815317059 14.892900734338033 -1041900.0
65.60000000000055 1.933159042489002 8.540751081876797 5398.946360056747 1.0536399432526524 1090.5784045738383 12.170649460763201 -1041900.0
65.70000000000054 1.9306622878703643 8.533341794262833 5398.693079999798 1.3069200002016153 1088.2902109576153 13.578745897456876 -1041900.0
65.80000000000054 1.9243766429178124 8.436370558942318 5398.641702749557 1.3582972504431314 1085.8222360516554 11.837010545239748 -1041900.0
65.90000000000053 1.9189981217435483 8.26612136640735 5398.118646897005 1.8813531029941382 1082.5954914953488 12.174702948987644 -1041900.0
66.00000000000053 1.91991511195748 6.763190208878742 5399.259473593522 0.7405264064780647 1080.7543960729515 15.335270559081803 -1041426.2121669892
66.10000000000052 1.920046010794618 5.6244283527189705 5400.752999579857 -0.7529995798565156 1081.5013892846227 13.877503628812917 -1041900.0
66.20000000000051 1.9222488994560172 4.783623197679158 5400.330839408857 -0.33083940885707297 1082.2868138335616 14.359305403196162 -1041900.0
66.30000000000051 1.9238083330716722 4.1866007981011295 5400.611918258195 -0.611918258195225 1083.289282568714 13.568728736505223 -1041900.0
66.4000000000005 1.9269720752259765 3.7890370166281966 5400.759200301615 -0.7592003016150844 1084.6184491351644 14.110422786375112 -1041900.0
66.5000000000005 1.9250798848094397 3.5546666499685244 5400.065211658296 -0.0652116582956977 1085.0322332895878 11.632834545272633 -1041900.0
66.60000000000049 1.9227819713907026 3.4538181681560656 5399.159785735544 0.8402142644559278 1083.8760211340866 11.382077356483137 -1041900.0
66.70000000000049 1.9220215196095682 3.4622148648549627 5399.580868183213 0.41913181678658046 1082.929213556105 11.965221224673414 -1041900.0
66.80000000000048 1.925673842722337 3.5599939803358787 5400.666791859293 -0.6667918592926065 1083.691011395531 13.996447632036368 -1041900.0
66.90000000000047 1.9301314630522104 3.7309041657293553 5401.423958040723 -1.4239580407228662 1085.9800880232494 14.518975694807594 -1041900.0
67.00000000000047 1.9338730480010178 3.9616488628694726 5401.243793460681 -1.2437934606816436 1088.3363512186163 14.216459397322353 -1041900.0
67.10000000000046 1.9333248301039443 4.241349069620478 5400.296764824918 -0.29676482491777545 1089.2818612842545 12.271327941733256 -1041900.0
67.20000000000046 1.930843066739868 4.561103784234937 5399.311692571331 0.68830742866845 1088.4378644030257 11.570747050311175 -1041900.0
67.30000000000045 1.9328633032898257 4.913630368919494 5400.031521219995 -0.031521219994656215 1088.1904354522428 13.720120928732694 -1041900.0
67.40000000000045 1.9313557855658081 5.292970301843222 5400.123202327082 -0.12320232708252651 1088.37739252838 12.243371916580665 -1041900.0
67.50000000000044 1.929173397942154 5.694248428780818 5399.277414500725 0.7225854992745361 1087.4115073465848 12.110249754255486 -1041900.0
67.60000000000043 1.9314221820253323 6.113475987184306 5400.146033269206 -0.14603326920624074 1087.3108919712042 14.463290289592548 -1041900.0
67.70000000000043 1.9340077628958625 6.5473894440598865 5400.919414828955 -0.9194148289549494 1088.6682655713453 14.952495265892276 -1041900.0
67.80000000000042 1.93428808314813 6.993318636048998 5400.357539695484 -0.3575396954841543 1089.5618708897591 13.876031156066928 -1041900.0
67.90000000000042 1.9331312972827421 7.449078884040089 5399.722214562171 0.27778543782953047 1089.3220680387426 13.387530189617866 -1041900.0
68.00000000000041 1.9303048216533303 7.912882723305527 5399.283984788019 0.7160152119815538 1088.1954215794208 12.828912895659213 -1041900.0
68.1000000000004 1.9253116950925329 8.20144950088634 5398.673246423468 1.3267535765318388 1086.0224353402073 12.089743548687029 -1041900.0
68.2000000000004 1.922958337451578 8.346640500725188 5398.900987219826 1.0990127801746572 1083.9113828164916 13.44021053039702 -1041900.0
68.3000000000004 1.9230815518699158 8.374524046047881 5399.852683104277 0.14731689572278225 1083.2378318916244 14.885925440957571 -1041900.0
68.40000000000039 1.9157818155004165 8.488246946766449 5398.723463912898 1.276536087102025 1081.376730181111 11.320037309654303 -1041900.0
68.50000000000038 1.9122977187301067 6.94492932008164 5395.5145959672955 4.485404032704361 1074.5155445980993 13.021281765061826 -1037938.2059894659
68.60000000000038 1.9104389534938577 5.682214898248615 5397.351171749359 2.6488282506406002 1068.8815342830803 12.942809823527044 -1034166.3893990726
68.70000000000037 1.9094785427035041 4.649084916748867 5398.825252569401 1.174747430599292 1066.1032119750944 12.729448228109558 -1032156.9341935526
68.80000000000037 1.909227380192259 3.8037967500672547 5399.418346523928 0.5816534760712281 1064.7855693167357 12.578856740057718 -1031119.4286667537
68.90000000000036 1.9108386436473015 3.1121973409641175 5400.237320158128 -0.23732015812795457 1064.873332345684 13.048728217681262 -1030848.1907271954
69.00000000000036 1.90960434600295 2.5463432789706415 5401.2365483154235 -1.2365483154237664 1066.7162526691623 11.589415895226187 -1032588.862277397
69.10000000000035 1.9133714191796025 2.083371773703252 5399.31743309467 0.6825669053293799 1066.278812385293 13.525273236778329 -1031255.3008397046
69.20000000000034 1.9188954118532935 1.7045769057572062 5404.590909912316 -4.59090991231612 1072.4579960838864 14.254150644336228 -1035328.025090996
69.30000000000034 1.9229537533351062 1.3946538319831687 5405.042664062014 -5.042664062014078 1081.5096555500866 13.384822334887781 -1041314.7353414224
69.40000000000033 1.9269065962530907 1.23198949889532 5400.727087588955 -0.7270875889550669 1084.672211525218 13.220462915807017 -1041900.0
69.50000000000033 1.9286610802206785 1.1898095900052619 5400.701019609229 -0.7010196092287507 1085.9682332923385 12.228304694455579 -1041900.0
69.60000000000032 1.9284470236313263 1.2462078463679416 5400.121823659352 -0.12182365935187217 1086.437115142678 11.44649427717738 -1041900.0
69.70000000000032 1.9296735372602112 1.383260965210134 5400.134902454734 -0.13490245473461082 1086.6788459329646 12.025117489731967 -1041900.0
69.80000000000031 1.9305113379452523 1.5863044260810188 5400.358393266667 -0.3583932666674218 1087.2410206865063 11.918846311138662 -1041900.0
69.9000000000003 1.929908303598244 1.843339984975379 5399.96894616599 0.031053834009543545 1087.349224579454 11.419648189673353 -1041900.0
70.0000000000003 1.9358294446423288 2.1445508967980373 5400.994042634915 -0.9940426349144347 1088.7366638264284 14.47062444123103 -1041900.0
70.10000000000029 1.9384560165096993 2.481905279198394 5401.42518966318 -1.4251896631805623 1091.1662301390536 12.962383750321402 -1041900.0
70.20000000000029 1.9380713286492335 2.8488315920714133 5400.102202308179 -0.10220230817900984 1091.9145136084665 11.809519824330124 -1041900.0
70.30000000000028 1.9423122334930556 3.2399531207857017 5400.641913287865 -0.6419132878645154 1092.8623032097353 14.075559569538356 -1041900.0
70.40000000000028 1.9412257478804524 3.650870735188301 5400.467521922489 -0.46752192248940777 1093.7932128325776 11.793616039337085 -1041900.0
70.50000000000027 1.941053615328987 4.077985146972246 5399.64189160036 0.35810839963967894 1093.4868673926205 12.327723850096026 -1041900.0
70.60000000000026 1.9414998904042478 4.518351483886383 5400.098852586275 -0.09885258627480752 1093.4743127252345 12.772477784891302 -1041900.0
70.70000000000026 1.9420443488065162 4.96956030499795 5400.184976523283 -0.18497652328235173 1093.7768581431199 13.009924717208456 -1041900.0
70.80000000000025 1.9422134041880563 5.429640249543778 5400.0945129923875 -0.09451299238789956 1093.9884569952662 13.04021867550305 -1041900.0
70.90000000000025 1.941077274535203 5.896978385990364 5399.79035449892 0.20964550107943533 1093.7331399930179 12.649684124542466 -1041900.0
71.00000000000024 1.9408393551253988 6.370255043083025 5399.776351948881 0.22364805111917735 1093.329130196533 13.288158779972244 -1041900.0
71.10000000000024 1.9405699949594395 6.848390489795203 5399.957116958444 0.042883041556221003 1093.173881217306 13.515095394333791 -1041900.0
71.20000000000023 1.9375144764147372 7.330501309832439 5399.390501553164 0.6094984468367307 1092.2969154960933 12.443210437506913 -1041900.0
71.30000000000022 1.935969850711772 7.634046526226541 5399.250291418154 0.7497085818456749 1090.982148762814 13.384950923533554 -1041900.0
71.40000000000022 1.9324239537313517 7.973310794185352 5399.211225127458 0.7887748725412277 1089.5528885287008 12.599530641551489 -1041900.0
71.50000000000021 1.926631443576596 8.159981558878924 5398.422440618577 1.577559381423021 1086.9956668143182 11.77680707560483 -1041900.0
71.60000000000021 1.9248694311681984 8.22180309362821 5398.913511623092 1.0864883769085132 1084.7959195135309 13.715719311245982 -1041900.0
71.7000000000002 1.9209483874727407 8.181475258423081 5399.20946914771 0.7905308522907621 1083.2213904708435 12.712488681395767 -1041900.0
71.8000000000002 1.91996443563766 8.05757066598252 5399.276327823735 0.72367217626454 1081.866551293116 14.124321417895736 -1041900.0
71.90000000000019 1.9149799238518845 8.047103272167517 5399.048463435544 0.9515365644553978 1080.2189992710619 12.151647111436882 -1041900.0
72.00000000000018 1.9110209653956325 6.583993586318877 5395.236383859513 4.763616140487057 1073.1036126257866 12.568386899466105 -1037069.4851561316
72.10000000000018 1.9113962206675115 5.386903843351809 5397.373120220986 2.6268797790140765 1067.3825657735892 13.830216292101241 -1032785.9196153721
72.20000000000017 1.9122478305790338 4.407466780924207 5401.236331327745 -1.2363313277443915 1068.010759588079 13.441249923351553 -1033191.5629016426
72.30000000000017 1.9144741532703422 3.6061091843925333 5401.090043253364 -1.090043253363467 1070.070835015032 13.64671356908798 -1034112.4312987338
72.40000000000016 1.9184851144158692 2.9504529690484365 5402.546479828968 -2.5464798289672625 1074.121003433473 14.205536543667744 -1036521.7509851668
72.50000000000016 1.9223534849695085 2.4140069746759933 5403.912644317788 -3.912644317788369 1080.713626724719 13.84218370976496 -1040869.4759617345
72.60000000000015 1.9246369368816705 2.0660057065530855 5400.99376288528 -0.9937628852800106 1083.7727998208209 12.872942043914634 -1041900.0
72.70000000000014 1.9277690199096815 1.872186487179797 5400.64787785572 -0.6478778557205425 1085.1070151828897 13.125986025848624 -1041900.0
72.80000000000014 1.9335869057032873 1.8045162167834703 5401.519734877015 -1.519734877015268 1087.5230218354297 14.415835497736271 -1041900.0
72.90000000000013 1.9356267710511352 1.8400587228228393 5401.161652894924 -1.1616528949241294 1089.8041583522322 12.569345128192884 -1041900.0
73.00000000000013 1.939471703244293 1.9600480459459595 5400.816669912863 -0.8166699128631338 1091.4473870869042 13.403828584944746 -1041900.0
73.10000000000012 1.9378436801620922 2.1491302194103303 5400.206833658911 -0.20683365891054212 1092.085083755363 11.151532284239437 -1041900.0
73.20000000000012 1.9426244867117883 2.3947429067902704 5400.517459757358 -0.5174597573579478 1092.9018820248584 14.026032649425204 -1041900.0
73.30000000000011 1.9413791023828073 2.686607832828403 5400.558570844196 -0.5585708441960254 1093.9083112814506 11.443559227933251 -1041900.0
73.4000000000001 1.9387414685500186 3.016315499586875 5399.134243177063 0.8657568229369063 1092.9252939558714 10.984606324931173 -1041900.0
73.5000000000001 1.9425331767098049 3.3769854087528977 5400.358683212687 -0.3586832126867487 1093.063597709622 13.917969531656157 -1041900.0
73.6000000000001 1.9421377509650746 3.7629880617069165 5400.613353263827 -0.6133532638266849 1094.0798941405333 12.13143698569425 -1041900.0
73.70000000000009 1.9449238523644534 4.169717505032931 5400.31662120791 -0.31662120791030046 1094.7860752063411 13.762551710921676 -1041900.0
73.80000000000008 1.945174258858888 4.59340523139058 5400.483831421018 -0.483831421018069 1095.6020410707094 12.732474316872711 -1041900.0
73.90000000000008 1.9465709380694851 5.030967916592293 5400.20304909214 -0.20304909213940353 1096.0932817640455 13.46583694577953 -1041900.0
74.00000000000007 1.946263253042447 5.47988284084824 5400.14385486153 -0.14385486152946794 1096.3820660790077 12.857686353341087 -1041900.0
74.10000000000007 1.9465930063415773 5.938085960694014 5399.966895413169 0.03310458683080078 1096.3964161774516 13.372591631846378 -1041900.0
74.20000000000006 1.9462871690634123 6.403888513295103 5400.004137910744 -0.004137910744678021 1096.3882101488748 13.289797772945658 -1041900.0
74.30000000000005 1.9434580419029053 6.875908783605084 5399.408425202903 0.5915747970966941 1095.5564357339213 12.345619795791588 -1041900.0
74.40000000000005 1.9417531952297713 7.353016277495069 5399.257219049438 0.7427809505611963 1094.2590296606118 13.082234902801165 -1041900.0
74.50000000000004 1.936751726500962 7.834286045223238 5398.903808066256 1.0961919337441064 1092.399556102928 11.833086044389722 -1041900.0
74.60000000000004 1.9321488736008134 8.137143127909923 5398.431353047849 1.5686469521509148 1089.7245471674403 12.229966154988535 -1041900.0
74.70000000000003 1.9297056082216932 8.294026195562664 5399.02242153742 0.9775784625797405 1087.6820328059532 13.374310628447368 -1041900.0
74.80000000000003 1.9253569091439264 8.331475978187633 5398.978544783709 1.0214552162907535 1085.8283091380656 12.564234628524783 -1041900.0
74.90000000000002 1.9183289490171047 8.271207618517154 5398.09251718639 1.9074828136101856 1082.7075688419818 11.416276236533488 -1041900.0
75.00000000000001 1.9135955931242037 6.767351687877671 5397.374091368809 2.6259086311914994 1078.198890867662 12.360726126242135 -1040700.0285369633
75.10000000000001 1.907372156760456 5.536924108263549 5395.037187008281 4.962812991718762 1070.0929021027052 11.000110395639702 -1035570.6409900927
75.2 1.9025238127205926 4.530210634033812 5394.436185805002 5.563814194997766 1060.1492551934646 11.017983908483313 -1028845.7843520875
75.3 1.898621064612261 3.706535973300392 5396.133682883005 3.8663171169949564 1052.3425571569396 10.984922778644972 -1023621.9914336051
75.39999999999999 1.901556449738663 3.0326203417912296 5397.985652810873 2.0143471891269704 1047.865023509854 13.54463151598994 -1019426.678608601
75.49999999999999 1.9053602912478433 2.481234825101915 5403.957211759938 -3.9572117599379837 1052.5866516714166 13.689261867173826 -1022581.3082402779
75.59999999999998 1.9060229652010143 2.0301012205379303 5402.943053494936 -2.943053494936392 1058.4112718319957 12.098549835031587 -1026676.509000438
75.69999999999997 1.9102394710303692 1.660991907712852 5400.6419223710855 -0.6419223710853497 1060.5635951347078 13.48627169695359 -1027390.778207473
75.79999999999997 1.9132170616624862 1.3589933790377882 5404.1780142542975 -4.178014254297871 1066.7225923043538 12.808160972591915 -1031941.3958137783
75.89999999999996 1.918834923150709 1.1119036737581902 5402.971935825727 -2.9719358257272734 1072.6815279266261 13.936531882590845 -1035160.9856803045
75.99999999999996 1.919604314901145 0.9097393694385193 5404.590565065078 -4.590565065078692 1080.4097348934301 11.776656794551627 -1041249.0863392282
76.09999999999995 1.9207715626146886 0.8352413022678794 5399.786570526548 0.21342947345198762 1082.0554123529296 11.86919006248167 -1041900.0
76.19999999999995 1.9198821452787644 0.865197429128265 5399.877600621306 0.12239937869394815 1081.792457531606 11.076891530812533 -1041900.0
76.29999999999994 1.922768572537394 0.9806160783776714 5400.411059043319 -0.4110590433190299 1082.3197423870765 12.534446958095849 -1041900.0
76.39999999999993 1.922433860287017 1.1659586095817311 5400.408859477821 -0.40885947782163407 1083.0701144256946 11.327470566232046 -1041900.0
76.49999999999993 1.9200239347307995 1.40851158965778 5399.383063625729 0.6169363742707215 1082.3742074929432 10.603117003782774 -1041900.0
76.59999999999992 1.9236928029088818 1.6978731188109109 5400.337615306216 -0.3376153062160896 1082.5883264367108 13.087844815847344 -1041900.0
76.69999999999992 1.922205891239251 2.0255325517543814 5400.3764100236795 -0.376410023679217 1083.2618370499104 11.099675873619642 -1041900.0
76.79999999999991 1.9247825175486655 2.384526633253585 5400.117552634739 -0.11755263473855466 1083.587066562297 12.85246587331421 -1041900.0
76.8999999999999 1.924294381523102 2.769158154480206 5400.35436618548 -0.35436618547968496 1084.136210834767 11.706503959398795 -1041900.0
76.9999999999999 1.9202719882708854 3.174765762756532 5399.073566081222 0.9264339187778309 1082.9811167058524 10.444248760847161 -1041900.0
77.0999999999999 1.9222201604274758 3.5975356240735263 5399.769912377918 0.2300876220818858 1082.2641152647775 13.020756639500895 -1041900.0
77.19999999999989 1.9226746220743762 4.0343473287874305 5400.542043605604 -0.542043605604034 1082.9302975533108 12.532203397015818 -1041900.0
77.29999999999988 1.9207585706354942 4.482647814462443 5399.630073258598 0.36992674140219034 1082.638897263451 11.705775595817315 -1041900.0
77.39999999999988 1.916549136745173 4.940348211832908 5398.887966003782 1.1120339962185317 1080.915192424425 10.94303999038257 -1041900.0
77.49999999999987 1.9142312613385084 4.042103082408743 5396.863287100234 3.136712899766443 1076.024061534257 11.867813105914166 -1038769.8158583912
77.59999999999987 1.9109318598073428 3.3071752492435174 5397.8880805159015 2.1119194840983746 1071.7184007116614 11.115118351895678 -1036258.7578292524
77.69999999999986 1.9143923651568124 2.7058706584719685 5398.153538087721 1.8464619122785708 1068.2212820160034 13.730362685313308 -1032689.609995405
77.79999999999986 1.9147590304414293 2.213894175113429 5403.72484513467 -3.724845134670353 1072.6866889599478 12.118057783587888 -1036433.1905335524
77.89999999999985 1.9140016579584118 1.8113679614564417 5399.566346681621 0.4336533183789877 1073.655005771452 11.503701333522281 -1036830.2465090003
77.99999999999984 1.9192868994145391 1.482028332100725 5400.200494364876 -0.2004943648761057 1073.7536333245696 13.99661021637181 -1036010.1836375829
78.09999999999984 1.9179314485590002 1.2125686353551386 5404.634423654007 -4.634423654007342 1080.3685458637735 11.078622481792161 -1041739.670800337
78.19999999999983 1.9232113711821266 0.9921016107451133 5398.834032421585 1.165967578414957 1080.6906931750862 13.73837842357428 -1040268.7824998954
78.29999999999983 1.9261715341919983 0.9026285906096381 5402.678674860803 -2.6786748608026474 1083.970575800709 12.623837083789034 -1041900.0
78.39999999999982 1.924035905459174 0.9203324832260675 5399.6945276009565 0.3054723990436806 1084.6759233314367 10.64497190020411 -1041900.0
78.49999999999982 1.92984151251041 1.0257265771849644 5400.626528898028 -0.6265288980274357 1085.4291822515627 13.877694973443932 -1041900.0
78.59999999999981 1.9262548608429269 1.202867199514971 5400.313048330603 -0.31304833060337844 1086.1359156021465 10.142155199058646 -1041900.0
78.6999999999998 1.9273889428253546 1.4387095268758854 5399.44672334836 0.5532766516398006 1085.489081292162 11.968702373081426 -1041900.0
78.7999999999998 1.930893780860798 1.7225805219893608 5400.9685223335555 -0.9685223335555526 1086.6191399598465 13.050965384650723 -1041900.0
78.89999999999979 1.9306919959414297 2.045747699809477 5400.463658186874 -0.46365818687425936 1087.6830878145797 11.619244964683652 -1041900.0
78.99999999999979 1.9313460651563985 2.4010662998441177 5399.950575821598 0.04942417840130172 1087.8100402184468 12.067633081274025 -1041900.0
79.09999999999978 1.9336649217527537 2.782690608963369 5400.549515590787 -0.5495155907878475 1088.5633518342247 12.910530432525254 -1041900.0
79.19999999999978 1.9363987660986106 3.1858377709700294 5400.851234002218 -0.8512340022184137 1089.9957351538444 13.264593612332456 -1041900.0
79.29999999999977 1.9373555480935403 3.6065945398845694 5400.507511024065 -0.5075110240651545 1091.0717414036926 12.625632635625873 -1041900.0
79.39999999999976 1.937340188779758 4.041759168996466 5400.0400430614645 -0.040043061464893406 1091.3433467515006 12.36903842801391 -1041900.0
79.49999999999976 1.9348074535553417 4.488712047360744 5399.486902191372 0.5130978086278121 1090.637370197205 11.4827609516055 -1041900.0
79.59999999999975 1.933818845766451 4.945309856931518 5399.431624255384 0.568375744616108 1089.6189753021827 12.295529819065028 -1041900.0
79.69999999999975 1.9320872886052254 5.40979897385306 5399.619647822925 0.38035217707527297 1088.8420677689667 12.162309952644879 -1041900.0
79.79999999999974 1.9261750229500563 5.880744614970685 5398.655383742675 1.3446162573242313 1086.786234139317 10.61527084705287 -1041900.0
79.89999999999974 1.9221312325915052 6.356972866794197 5398.3954854598605 1.6045145401393675 1083.955355859155 11.565810677519544 -1041900.0
79.99999999999973 1.914796062329724 6.837523254649798 5398.221699144001 1.778300855998908 1080.7694157880335 10.397979822194648 -1041900.0
