t ω_g β v_dc err_v i_f_ref_d v_w m_m_ref
0.0 1.5125837575688752 0.0 18769.23718848238 -13369.237188482382 -983.633681428322 12.809621732333866 -636300.0
0.1 1.52382224261704 0.0 3241.1777759512165 2158.8222240487835 1643.142372803474 12.469580095758008 -647020.8415713811
0.2 1.5283699200795278 0.0 5199.20600551638 200.79399448361985 444.88301157936917 10.587355454510671 -656671.2794223034
0.30000000000000004 1.5418569333799925 0.0 5521.831571174077 -121.83157117407683 531.4070417025887 13.313646371980045 -660596.6524443835
0.4 1.5451024412971008 0.0 5394.924023605089 5.0759763949104615 575.9115771399685 10.298860382488321 -672306.8886917807
0.5 1.5539656176486465 0.0 5398.17498969158 1.8250103084204703 571.1879236239619 11.940441571673063 -675140.1915001194
0.6 1.5602588176619527 0.0 5406.865020048877 -6.865020048877205 580.0869325020597 11.229224228268713 -682908.0250278946
0.7 1.5706603022851926 0.0 5404.024207605354 -4.0242076053537215 588.6678095187269 12.50942018052473 -688450.4630843821
0.7999999999999999 1.5771892298053838 0.0 5406.305265735322 -6.3052657353222195 599.2581929644658 11.383966480618627 -697660.1864473805
0.8999999999999999 1.5870378458440042 0.0 5404.040080573282 -4.040080573281884 607.6240991639967 12.440081538403097 -703472.3150784675
0.9999999999999999 1.5929422389033503 0.0 5406.043253180168 -6.043253180168055 617.852037057925 11.283561463475234 -712285.2843071249
1.0999999999999999 1.6049923667657549 0.0 5404.080744330105 -4.080744330104994 626.1641451674342 13.297739174925036 -717595.0953492279
1.2 1.6147893763017207 0.0 5408.166328870919 -8.16632887091867 639.400738142523 12.603423685852741 -728492.9406580287
1.3 1.6252704276370098 0.0 5406.1905815088685 -6.190581508868716 651.5857909297886 12.902848301811462 -737413.6495922194
1.4000000000000001 1.6302910113776035 0.0 5406.181790637625 -6.181790637625083 662.9207404979627 11.215147219123253 -747017.3207226527
1.5000000000000002 1.6372397893431911 0.0 5402.896169933657 -2.896169933656648 669.622523164838 11.838424047466091 -751639.6354869907
1.6000000000000003 1.645844064750555 0.0 5405.108314386672 -5.108314386671859 678.0481141875291 12.416376895498026 -758060.7073442542
1.7000000000000004 1.6565568107483803 0.0 5406.340177545171 -6.340177545171627 689.1473496486245 13.213216974634925 -766049.3994522251
1.8000000000000005 1.6658757906211346 0.0 5407.363151765549 -7.363151765549044 702.210265765436 12.789774678100407 -776054.2361345799
1.9000000000000006 1.677264342038413 0.0 5406.5215546081545 -6.521554608154404 714.5211125569184 13.632280511464938 -784810.1999571025
2.0000000000000004 1.6838759095746885 0.0 5407.520963026571 -7.520963026570948 727.8832886152143 12.00623040402698 -795577.3923452002
2.1000000000000005 1.6921568897741082 0.0 5404.2485298771735 -4.248529877173331 737.0583555354178 12.613473284864074 -801861.8886976443
2.2000000000000006 1.6964066066815828 0.0 5405.49932955298 -5.499329552980567 746.6082875434889 11.329206775477507 -809768.0889217033
2.3000000000000007 1.705562567784043 0.0 5403.2309440669505 -3.230944066950947 753.4924034642866 13.016583275022912 -813840.5321045584
2.400000000000001 1.7161739778101557 0.0 5407.495800849578 -7.495800849577497 765.4239071457284 13.654574631042292 -822649.2706186605
2.500000000000001 1.7277218770554155 0.0 5408.116376385298 -8.11637638529789 780.0381010328341 14.152845398503374 -832917.5829334809
2.600000000000001 1.7318485514347322 0.0 5407.480302429647 -7.480302429647066 794.0191907435731 11.485652989430907 -844164.4717241252
2.700000000000001 1.7399738183999123 0.0 5402.595237316233 -2.5952373162330473 800.8475283523159 12.893615387157679 -848201.8717641408
2.800000000000001 1.745680366447876 0.0 5406.293236288675 -6.293236288674708 810.8150789051411 12.086637710123911 -856179.513729216
2.9000000000000012 1.7498689292741179 0.0 5403.754623706378 -3.754623706378215 818.773675893826 11.60841127726804 -861804.7035414898
3.0000000000000013 1.7542457306289676 0.0 5402.938479373615 -2.9384793736149453 824.5059537827539 11.695668484503587 -865945.2710538944
3.1000000000000014 1.764963445812297 0.0 5404.390098737976 -4.390098737975241 831.9375181589736 14.143835238047565 -870282.5219939927
3.2000000000000015 1.7672220021253926 0.0 5407.849233004412 -7.849233004411711 844.8584893270912 11.078670500874425 -880949.1389171628
3.3000000000000016 1.775687409811078 0.0 5401.448018020479 -1.4480180204790238 850.2268215118168 13.294247382264397 -883205.2154363317
3.4000000000000017 1.7774573296112064 0.0 5406.409764125122 -6.4097641251219475 859.8721388047967 10.975468496878975 -891687.0018378535
3.5000000000000018 1.7872121738379738 0.0 5401.716320429423 -1.7163204294230614 865.0081742789055 13.927277367487186 -893465.4691688563
3.600000000000002 1.791849243954467 0.0 5408.02705168064 -8.027051680640312 877.0460099590031 12.011385889292882 -903299.2158001846
3.700000000000002 1.7933168408041809 0.0 5402.402105445786 -2.4021054457863222 883.8340464447074 10.962033367341053 -907992.6660534233
3.800000000000002 1.796468520459956 0.0 5400.881740924398 -0.8817409243987128 886.0949121161988 11.535824847076439 -909480.6404395619
3.900000000000002 1.8065012645276184 0.0 5403.971085555247 -3.9710855552469932 892.0640298154867 14.239906730932011 -912680.1982070133
4.000000000000002 1.8115678506424409 0.0 5408.337446581513 -8.337446581513108 905.4952323242635 12.288943060884684 -922902.7603396393
4.100000000000001 1.8178936750726509 0.0 5403.499283933275 -3.4992839332756684 913.9608007368104 12.793879690262278 -928086.840311704
4.200000000000001 1.8243724070156346 0.0 5405.33398120303 -5.333981203029621 922.960076639588 12.899898162258772 -934579.7406421952
4.300000000000001 1.8310698783054467 0.0 5405.420840344558 -5.420840344558096 932.859648715155 13.035453539786527 -941253.0473569498
4.4 1.8404073254863458 0.0 5406.0045791784005 -6.004579178400467 943.6185370836139 14.25317721857022 -948176.6191043716
4.5 1.8437112422160435 0.0 5407.161226504428 -7.161226504427851 956.2546467999945 11.873517893502523 -957871.6321834358
4.6 1.8504223012834848 0.0 5402.360591245182 -2.3605912451823317 962.6170799023338 13.19290805561953 -961313.8797137581
4.699999999999999 1.858762041326708 0.0 5406.48892891299 -6.488928912989918 972.760871428694 13.965432684597143 -968324.9296050793
4.799999999999999 1.8598675116590455 0.0 5406.117795455679 -6.1177954556788015 984.1321510848531 11.210701891725298 -977072.9610711443
4.899999999999999 1.8640847308607245 0.0 5400.236925373298 -0.23692537329781044 987.0599242090376 12.33478113267322 -978235.5051095362
4.999999999999998 1.8631776500460144 0.0 5403.210881766882 -3.210881766882152 991.684512976853 10.545770378084779 -982676.8007465865
5.099999999999998 1.8705458043386975 0.0 5399.888842860871 0.11115713912894853 992.8893064369782 13.638553185927105 -981720.6742524436
5.1999999999999975 1.8731614189394539 0.0 5406.852074725942 -6.852074725942102 1002.49674909884 11.815693366170823 -989500.6862133109
5.299999999999997 1.8762037129821671 0.0 5401.5586344748845 -1.5586344748848269 1007.5981447577522 11.98766595642562 -992269.8907568443
5.399999999999997 1.8834479214400712 0.0 5403.396463398244 -3.3964633982445545 1013.0446227032298 13.699615870170973 -995495.6973735623
5.4999999999999964 1.889834804591534 0.0 5406.924055412065 -6.9240554120654005 1024.2407172596857 13.383049934213837 -1003197.9533813143
5.599999999999996 1.8914113622652524 0.0 5404.555056239313 -4.555056239312325 1033.5945909955926 11.561133449626738 -1010013.2964689535
5.699999999999996 1.8980697877870325 0.0 5401.447100980117 -1.4471009801176218 1037.5649001220468 13.571475236202966 -1011699.1670013645
5.799999999999995 1.9019735552062647 0.0 5406.2803220703545 -6.280322070354564 1047.0274447347463 12.481535337700613 -1018834.7703808426
5.899999999999995 1.9104179411844584 0.0 5403.857619982624 -3.8576199826239863 1055.1256878480938 14.55230432734495 -1023029.9628502793
5.999999999999995 1.9183084232493053 0.0 5408.202892022253 -8.202892022252877 1068.3191935800805 14.349833196126479 -1032134.2295878486
6.099999999999994 1.921161266974217 0.0 5406.091424242277 -6.091424242276692 1080.3800365548836 12.217714320756574 -1040677.758057372
6.199999999999994 1.928376468937013 0.9153640947473909 5401.179058037529 -1.1790580375289337 1084.6240932084875 14.106624208030958 -1041900.0
6.299999999999994 1.9334292441667165 1.8032085442812629 5401.804041353005 -1.8040413530054473 1087.6659080827844 13.528392949425966 -1041900.0
6.399999999999993 1.9354024839618993 2.699493385961672 5400.924691063542 -0.9246910635421463 1089.7337113249896 12.539970871841772 -1041900.0
6.499999999999993 1.937452563542611 3.6101848869281916 5400.497202890827 -0.49720289082727 1090.8263392091071 12.91901121169292 -1041900.0
6.5999999999999925 1.9393934863494473 4.515389142450894 5400.614810451694 -0.6148104516939454 1091.9034211612545 13.25536241702492 -1041900.0
6.699999999999992 1.9391864477436402 5.415726996535745 5400.185748116908 -0.1857481169084746 1092.425819889497 12.660021073431906 -1041900.0
6.799999999999992 1.9344812389769181 6.324751817480757 5399.006983220256 0.9930167797438706 1091.105416448407 11.12045324686586 -1041900.0
6.8999999999999915 1.932790615425577 7.256198500904272 5398.974173120477 1.0258268795232153 1089.2389872605474 12.797257280925377 -1041900.0
6.999999999999991 1.9259113963691745 8.16327625433732 5398.624842412004 1.3751575879958464 1086.8664396221434 10.984664195390323 -1041900.0
7.099999999999991 1.9245291196141165 9.09674676943071 5398.7519649773285 1.2480350226713812 1084.5248914578892 13.912953420270318 -1041900.0
7.19999999999999 1.9210636614061052 9.987641494109182 5399.38899792426 0.6110020757398235 1083.1348226835592 13.404373699695142 -1041900.0
7.29999999999999 1.91846969791576 10.885958996800303 5399.031075044607 0.9689249553933111 1081.5105425412964 14.401339397703895 -1041900.0
7.39999999999999 1.9135620770932353 8.906693724654794 5398.08308430949 1.9169156905095412 1078.3987841522815 13.75562152218492 -1040852.7476589753
7.499999999999989 1.9119933880654736 7.287294865626649 5395.569677683258 4.4303223167413615 1071.343687755217 14.206623123079503 -1035534.3659131159
7.599999999999989 1.9116655773925766 5.962332162785439 5399.432198192475 0.5678018075253601 1068.6651983461152 13.871767888358026 -1033837.252886522
7.699999999999989 1.9142622282059814 4.8782717695517235 5400.501850580115 -0.5018505801152789 1069.1315578471072 14.71882678903793 -1033482.7811239596
7.799999999999988 1.9151153168451616 3.9913132659968644 5402.492707397011 -2.4927073970112907 1072.856567215465 13.218998338670819 -1036292.2855934572
7.899999999999988 1.914452499829374 3.2656199449065255 5400.161792380008 -0.16179238000797638 1074.1414406152287 12.173438623496633 -1037216.1362032661
7.999999999999988 1.914850222962828 2.67187086401443 5399.31229115364 0.6877088463597268 1073.2410588198313 12.33689987455819 -1036498.3041963112
8.099999999999987 1.9196011576553762 2.1860761614663518 5401.387130954416 -1.3871309544153023 1074.9039377837462 14.140153496777838 -1036929.0092404879
8.199999999999987 1.9251007842022296 3.0737455478243945 5405.0954748147315 -5.095474814731596 1082.6716053223747 14.359987809569628 -1041900.0
8.299999999999986 1.929913250492183 3.9579641893539517 5400.902611671096 -0.9026116710959962 1086.1038664883952 14.458588161959689 -1041900.0
8.399999999999986 1.926607276210055 4.840776194523797 5399.870652273818 0.1293477261816997 1086.30432289075 11.128691005339086 -1041900.0
8.499999999999986 1.9233006123100953 5.77205641497616 5398.732721361761 1.2672786382388983 1084.4638838535702 11.45099901271708 -1041900.0
8.599999999999985 1.9248244694601735 6.698672586349224 5399.913425263253 0.08657473674681525 1083.8045739068807 14.074988661088609 -1041900.0
8.699999999999985 1.920488471821383 7.587141331370347 5399.544758392412 0.4552416075877416 1083.1264307934086 11.795874242759968 -1041900.0
8.799999999999985 1.9189747185707993 8.508790741270701 5398.986144635397 1.0138553646033772 1081.5048861430655 13.501289392587777 -1041900.0
8.899999999999984 1.91639265259516 6.9617378792214835 5399.101845211953 0.898154788046382 1079.8095113721163 13.486274350487479 -1041400.8108613248
8.999999999999984 1.9097800101836357 5.695967355726668 5396.57558833933 3.4244116606692026 1074.6036977121016 10.938516422991247 -1038600.1939347778
9.099999999999984 1.9089865857981176 4.660336927412728 5394.441158735458 5.558841264542264 1065.319339826238 12.80612501261506 -1031445.0395675938
9.199999999999983 1.9055631953474672 3.813002940610414 5399.861106612899 0.1388933871014295 1062.766690347646 11.262001265971083 -1030588.1831293232
9.299999999999983 1.9093536970407843 3.1197296786812476 5397.847170746645 2.1528292533552005 1059.6744631335375 14.102014764390258 -1026895.1846656938
9.399999999999983 1.911024680693095 2.5525061007392025 5404.22180758676 -4.22180758676081 1064.7101904198612 12.79271383058079 -1030984.5996260563
9.499999999999982 1.9113744401686834 2.0884140824229838 5400.895261161737 -0.8952611617371116 1067.7616598135353 12.034278973365879 -1032789.9353856916
9.599999999999982 1.911654582674842 1.7087024310733503 5400.004277710866 -0.004277710865505001 1068.1472778407215 11.850926098717267 -1033168.0164499258
9.699999999999982 1.9114670865725092 1.3980292617872867 5400.180626822601 -0.18062682260060214 1068.4035947831726 11.546987768625563 -1033470.8932509755
9.799999999999981 1.911674235608811 1.1438421232805074 5399.830670207663 0.1693297923369007 1068.2415948785526 11.602043146419936 -1033268.176438539
9.89999999999998 1.911862644014276 0.935870828138597 5400.250798855812 -0.25079885581209926 1068.5231746344411 11.518373722693163 -1033492.1427380025
9.99999999999998 1.9168399104770861 0.7657124957497612 5401.06734355607 -1.0673435560701974 1070.1334004198084 13.40324946396588 -1033695.8680364487
10.09999999999998 1.922029614142631 0.6264920419770773 5405.372645568452 -5.372645568452158 1078.1560116935316 13.46058101086869 -1039085.0385500988
10.19999999999998 1.921444649542785 1.523882831269942 5401.708890189745 -1.7088901897452198 1082.841839691906 11.134656151919517 -1041900.0
10.29999999999998 1.9255114469218582 2.4549784751259907 5400.076161567028 -0.07616156702825888 1083.673720780301 13.323148297542659 -1041900.0
10.399999999999979 1.9257845344683695 3.3542639115769295 5400.725081201424 -0.7250812014233862 1084.7276526975263 12.039945051219119 -1041900.0
10.499999999999979 1.9232086274991274 4.272243805494753 5399.421384176357 0.5786158236432113 1084.2198174314167 11.203250494935448 -1041900.0
10.599999999999978 1.9267622503871746 5.202421250173764 5400.262223449171 -0.2622234491707266 1084.3439571620734 14.374796855201819 -1041900.0
10.699999999999978 1.9292942061993736 6.086486354542548 5401.126821362255 -1.1268213622550485 1086.0428312039392 14.328187517750411 -1041900.0
10.799999999999978 1.9261644481270848 6.9712562093950625 5399.657474922559 0.3425250774411101 1086.0379856274205 12.043597772412415 -1041900.0
10.899999999999977 1.9218290823494182 7.889286901071251 5398.602137490095 1.3978625099051094 1083.9231667181293 11.921508325032741 -1041900.0
10.999999999999977 1.9183639198182851 8.809117895398767 5398.811245156105 1.1887548438957065 1081.6555174388807 12.742380224199179 -1041900.0
11.099999999999977 1.9163195229032084 7.207460096235356 5398.460214332848 1.539785667151702 1078.981927380052 13.931375716874209 -1040737.972441771
11.199999999999976 1.91574257536718 5.897012806010745 5398.345289568544 1.6547104314561405 1075.9975712592577 13.73351105847559 -1038520.9293196023
11.299999999999976 1.916293582101738 4.824828659463337 5399.959855253316 0.04014474668341257 1075.2394100882434 13.588794569275175 -1037895.6871430615
11.399999999999975 1.9169423275489978 3.9475870850154577 5400.718989146408 -0.7189891464080317 1076.2354444229388 13.113968372189172 -1038492.8130450589
11.499999999999975 1.9210396435853303 3.229843978649011 5401.238072698499 -1.23807269849946 1078.2847402532013 14.466895710660438 -1039196.0784857285
11.599999999999975 1.9260882078165393 4.112662411071071 5403.303355492885 -3.3033554928850966 1083.4641109668403 14.668198591142172 -1041900.0
11.699999999999974 1.9289805564167275 4.99242739297489 5400.806323614445 -0.8063236144457411 1086.0008436685775 13.933826257769157 -1041900.0
11.799999999999974 1.9269164147725684 5.882903022248496 5399.8455965758685 0.1544034241315242 1086.1251704565016 12.031107672855189 -1041900.0
11.899999999999974 1.9257140131262176 6.801084595298174 5399.374514671468 0.6254853285314795 1085.1783945767688 12.794266944510552 -1041900.0
11.999999999999973 1.9213948498888338 7.7081891567935035 5399.084223069633 0.91577693036738 1083.6228591025838 11.850290507100857 -1041900.0
12.099999999999973 1.9196120372482641 8.629050836909784 5399.052598809078 0.9474011909220537 1081.8996814060988 13.437498214405952 -1041900.0
12.199999999999973 1.912039617782994 9.526846717039273 5398.4572205687455 1.542779431254684 1079.3242070825097 11.325905265448755 -1041900.0
12.299999999999972 1.9040628786215918 7.794692768486677 5391.957334666537 8.042665333463667 1067.3379531488076 11.56760078097809 -1033887.2473920074
12.399999999999972 1.9054783225927032 6.3774759014891 5394.55092959754 5.449070402459834 1056.2501228503531 15.143801258525098 -1025278.8000566133
12.499999999999972 1.9064117883349831 5.217934828491082 5402.900861664154 -2.9008616641537954 1058.0270310845028 13.958505710845285 -1026803.7119898344
12.599999999999971 1.9070201013295982 4.269219405129067 5400.668619839025 -0.6686198390257188 1060.1990817832914 13.20190223689235 -1027809.9904154921
12.69999999999997 1.9074116569154342 3.4929976951056 5400.366933071968 -0.366933071968055 1060.9995852934412 12.682304309238281 -1028466.0185922927
12.79999999999997 1.913129579704989 2.8579072050864 5401.32576161094 -1.3257616109405956 1063.023163025771 15.10389347957501 -1028888.3979433503
12.89999999999997 1.9173068347211606 2.338287713252509 5405.789124940634 -5.789124940633873 1071.742162990163 13.907325381132882 -1035066.3222562907
12.99999999999997 1.9231986973028068 1.9131444926611436 5403.807892252282 -3.807892252281968 1079.562072148457 14.64779777944201 -1039591.3229668849
13.09999999999997 1.9227746623119524 2.7932721125280495 5401.6053606958485 -1.6053606958485107 1083.4385716838751 11.57595583463366 -1041900.0
13.199999999999969 1.9257714810985966 3.717984656188126 5399.997872822913 0.002127177086117514 1084.1162474264004 13.358432565957354 -1041900.0
13.299999999999969 1.928687310763957 4.616793123506673 5401.042253018034 -1.0422530180340062 1085.5838800057259 13.749348088136744 -1041900.0
13.399999999999968 1.9326492169899139 5.509941685590274 5401.099075477557 -1.0990754775566496 1087.5743926332498 14.854933893524562 -1041900.0
13.499999999999968 1.9288010358689922 6.387033426544108 5399.760567581698 0.23943241830256973 1087.7030403583456 11.50295894068976 -1041900.0
13.599999999999968 1.9311993756401322 7.312914135685182 5399.720568666315 0.2794313336853127 1087.2078022638225 15.005319188958905 -1041900.0
13.699999999999967 1.9286590274361217 8.187868981729492 5400.038291371651 -0.03829137165118022 1087.1432759209963 12.88804749503389 -1041900.0
13.799999999999967 1.924787560908378 9.09365048054647 5398.793886572419 1.2061134275808463 1085.4600976431152 12.723265102626243 -1041900.0
13.899999999999967 1.9223509036944089 10.00185328250543 5399.038531623599 0.9614683764015495 1083.5939966074711 13.921118754622388 -1041900.0
13.999999999999966 1.9160611760921946 10.89265405406008 5398.592560053069 1.4074399469313286 1081.2032511306504 12.597988019394117 -1041900.0
14.099999999999966 1.9089599661182963 8.912171498776429 5395.293220448003 4.706779551997388 1073.9746442043872 12.71460680745121 -1038240.933753263
14.199999999999966 1.9056703107172357 7.291776680817078 5393.797920345004 6.2020796549955 1063.240239440452 13.30068941733792 -1030559.4414541414
14.299999999999965 1.906478015478433 5.9659991024867 5398.5425520580875 1.4574479419124884 1058.5570135165792 14.439396722933843 -1027010.6354145727
14.399999999999965 1.905559739370365 4.881271992943663 5401.1432613503075 -1.1432613503076834 1059.5499108317917 12.852671764531985 -1027881.4021665308
14.499999999999964 1.9088861472994088 3.9937679942266335 5399.625069620719 0.3749303792810752 1059.5063767399151 14.42830336213157 -1026891.4598634568
14.599999999999964 1.9116783465400742 3.2676283589127 5403.600584260959 -3.6005842609588696 1064.4206294827907 13.70080247946593 -1030479.7402438269
14.699999999999964 1.9170124018758843 2.673514111837664 5402.9010940684 -2.9010940684003006 1070.0349187518134 14.7673539974761 -1033496.5876582183
14.799999999999963 1.919777176034449 2.1874206369580884 5404.73559667849 -4.73559667848959 1077.937438356807 13.167208744471207 -1039272.0560419137
14.899999999999963 1.925905835616655 3.0891125633792464 5402.427171201844 -2.4271712018442213 1083.365215571885 14.735176677987303 -1041900.0
14.999999999999963 1.9265306150265984 3.9678736713303504 5400.585666463447 -0.5856664634461752 1085.2195402084626 12.417738562236503 -1041900.0
15.099999999999962 1.9266470405550151 4.880375266921499 5399.91304247649 0.08695752351054757 1085.3453396383375 12.544186942191919 -1041900.0
15.199999999999962 1.9243838879993722 5.791063476429242 5399.583482124299 0.4165178757009603 1084.7215959615064 11.897641673953586 -1041900.0
15.299999999999962 1.9243806596652848 6.711182825200403 5399.656033620541 0.34396637945874226 1084.0603437535517 13.305571514780059 -1041900.0
15.399999999999961 1.9267790458831011 7.610845470578051 5400.538527078432 -0.5385270784314425 1084.673286662171 15.217875134369182 -1041900.0
15.499999999999961 1.9226114170343471 8.482714242680697 5399.577960707824 0.42203929217581465 1084.3069687807501 12.29759626613107 -1041900.0
15.59999999999996 1.922398689927926 9.397091191738483 5399.228178904427 0.7718210955725621 1083.040528197206 14.771228608065869 -1041900.0
15.69999999999996 1.9168419590161296 10.275506924097542 5399.078083072602 0.921916927398519 1081.4142951019787 12.595494655038516 -1041900.0
15.79999999999996 1.9127182199314987 8.407232937897989 5396.466452582059 3.5335474179414272 1076.0446340128822 13.75610929366846 -1039087.2595049075
15.89999999999996 1.9082365271100923 6.8786451310074455 5396.06368737048 3.936312629519962 1069.0001454126814 12.506565130025596 -1034621.25164902
15.99999999999996 1.9109725822744765 5.627982379915182 5397.3030622834585 2.696937716541071 1063.5311636151587 15.420517485225252 -1029778.4867527242
16.09999999999996 1.913807821563264 4.60471285629424 5403.758824815426 -3.758824815425687 1067.6838461882799 14.645145120748857 -1032733.6242459121
16.19999999999996 1.9172426542470167 3.767492336968014 5402.67023725474 -2.6702372547399063 1073.039952201949 14.418650291873123 -1035800.354863538
16.29999999999996 1.9204775834536556 3.082493730246557 5403.104664631203 -3.1046646312035078 1078.5466052633246 13.895708002301099 -1039521.7249807004
16.399999999999963 1.925852197020878 3.973599105300859 5402.528172999022 -2.528172999021691 1083.4251788225768 14.783483913396621 -1041900.0
16.499999999999964 1.9305558126044098 4.851682762847937 5401.2715694911085 -1.2715694911089146 1086.288765587134 14.919397848308652 -1041900.0
16.599999999999966 1.9321682986238151 5.727816700007548 5400.829588436924 -0.8295884369235841 1087.9968011589897 13.655856207749233 -1041900.0
16.699999999999967 1.9331228974915253 6.622359075639618 5400.2654346519475 -0.26543465194772264 1088.7225440808395 13.775711286637689 -1041900.0
16.79999999999997 1.932359759150749 7.515183903363603 5399.946001554423 0.05399844557763673 1088.7590045634463 13.382350980428747 -1041900.0
16.89999999999997 1.9334540879821622 8.413756700113439 5400.060518043968 -0.06051804396831408 1088.8213791464727 14.953725654579717 -1041900.0
16.99999999999997 1.9279013269672292 9.28949488355737 5399.148236686042 0.8517633139583624 1087.646904287748 12.097754164954488 -1041900.0
17.099999999999973 1.9231377871022146 10.206805073975415 5398.211649793962 1.7883502060372327 1084.765971202323 12.904148491506437 -1041900.0
17.199999999999974 1.920857924530838 11.112407394887363 5399.05362437796 0.9463756220400624 1082.6742674635088 14.737465693949638 -1041900.0
17.299999999999976 1.9169977704541765 11.991362728851339 5399.105890182273 0.8941098177275633 1081.0132034665858 14.460004808825387 -1041900.0
17.399999999999977 1.9128362421986773 9.811114959969277 5396.897906370734 3.1020936292658376 1076.263250980234 14.886785239358844 -1039256.1918047529
17.49999999999998 1.9081727021981376 8.0272758763385 5395.909382817246 4.090617182753969 1069.184283670925 13.190173365155232 -1034748.9360217644
17.59999999999998 1.9099592322018295 6.567771171549682 5396.967344456318 3.0326555436826093 1063.1768503243884 15.642042514926722 -1029709.6017679195
17.69999999999998 1.909469980072796 5.373630958540648 5402.331522754907 -2.331522754907168 1065.1761199355312 13.378977127192977 -1031638.639180725
17.799999999999983 1.9112284030985667 4.396607147896894 5399.5715534505825 0.4284465494177245 1065.561004395482 13.876593670077591 -1031110.1810372147
17.899999999999984 1.9166093831815527 3.5972240300974585 5402.603727425453 -2.6037274254528358 1069.0479950009922 15.544408709552275 -1033010.1456916651
17.999999999999986 1.9195162087446334 2.943183297352466 5405.050748568382 -5.050748568381745 1077.268480162234 13.638992599445238 -1038835.124033439
18.099999999999987 1.9221266264759151 3.838057759086041 5402.040343232391 -2.040343232390665 1082.2848411696664 13.228405733575022 -1041900.0
18.19999999999999 1.924341978629077 4.738759473374062 5400.281240521209 -0.2812405212091965 1083.5462145945835 13.442268099508443 -1041900.0
18.29999999999999 1.926800445320984 5.636376812047567 5400.733113420871 -0.7331134208704729 1084.6984173855826 14.02062503262373 -1041900.0
18.39999999999999 1.9244028810571951 6.525607007750225 5399.8569757475525 0.1430242524475587 1084.8077363043333 12.156449781287238 -1041900.0
18.499999999999993 1.925500836921103 7.441982196962971 5399.74750749837 0.2524925016292402 1084.3913320864997 14.280855539774908 -1041900.0
18.599999999999994 1.9223545893585656 8.327477581159307 5399.6682511373565 0.3317488626437257 1083.816841118344 12.666081697107112 -1041900.0
18.699999999999996 1.9223456073692946 9.236489080852182 5399.479456859651 0.5205431403492449 1082.942734315831 14.787811336705317 -1041900.0
18.799999999999997 1.915916237925101 10.114658927673052 5398.89891686407 1.1010831359295226 1081.1705978857983 12.125124580605387 -1041900.0
18.9 1.9085098754367147 8.275630031732497 5395.022710032486 4.977289967513639 1073.6907370719377 12.145132742706403 -1038083.8666947064
19.0 1.9092119132530017 6.770970025962953 5394.302815826387 5.697184173613071 1063.553033625091 15.077147721346934 -1030073.5323440405
19.1 1.9103400306465772 5.539884566696961 5402.189646932186 -2.189646932186496 1064.2226400629297 14.331582382459567 -1030831.4886811925
19.200000000000003 1.915062127205496 4.532632827297514 5401.770964446991 -1.770964446990604 1067.6463392679868 15.922624100070081 -1032050.0464449485
19.300000000000004 1.9192158356390532 3.7085177677888748 5404.705577309246 -4.705577309246033 1075.0273866222385 14.828045579058903 -1037158.5225588741
19.400000000000006 1.9213743199033517 3.034241810009079 5403.277431755539 -3.277431755538195 1081.6404527449122 13.345293523420796 -1041662.5290415082
19.500000000000007 1.9254012542767907 3.9332329686714766 5400.478653443917 -0.4786534439171782 1083.7045065117395 13.98274159099022 -1041900.0
19.60000000000001 1.930650888007264 4.822964736733159 5401.506550786193 -1.5065507861924898 1086.0301856297058 15.266282739153095 -1041900.0
19.70000000000001 1.9335552947387855 5.694051287295646 5401.228222005534 -1.2282220055344117 1088.3995279688495 14.340766885425333 -1041900.0
19.80000000000001 1.9342467578698734 6.578629070332403 5400.371959318414 -0.37195931841419066 1089.4443847788416 13.626471857503212 -1041900.0
19.900000000000013 1.9369463866460253 7.473624413647264 5400.511351257937 -0.5113512579373215 1090.322589452283 15.382086301973562 -1041900.0
20.000000000000014 1.9322383209409786 8.343105477934479 5399.5043427906185 0.49565720938133495 1089.8410213776299 12.010227731408634 -1041900.0
20.100000000000016 1.928526453865053 9.261664123815367 5398.480340201664 1.5196597983359295 1087.489662064997 12.883756959864698 -1041900.0
20.200000000000017 1.9291608321576 10.167538773528815 5399.734679556109 0.2653204438908361 1086.4714898050606 16.01245881367972 -1041900.0
20.30000000000002 1.9274088600793933 11.027922201095263 5399.911383562692 0.08861643730779212 1086.234133376684 15.048041806868397 -1041900.0
20.40000000000002 1.9254029244106516 11.902360105965316 5399.319308728693 0.6806912713077142 1085.237466005993 15.54838540044968 -1041900.0
20.50000000000002 1.9171864781962589 12.769542872287376 5398.203141557122 1.796858442878492 1082.4170793609428 12.82619586460955 -1041900.0
20.600000000000023 1.9111994683721463 10.447807804598762 5396.031137302509 3.968862697491476 1076.0630838403968 14.42892039777045 -1039460.8089881007
20.700000000000024 1.9080621757484963 8.548206385580805 5394.720565940427 5.279434059573241 1066.9415634667218 14.338389290457615 -1032978.8677558096
20.800000000000026 1.9095134413724641 6.993987042747932 5398.584069324688 1.4159306753121557 1062.708037103948 15.82892041062493 -1029590.3181724459
20.900000000000027 1.9101469521428094 5.722353034975581 5401.976654035627 -1.9766540356272184 1064.8927880338142 14.192998066023534 -1031157.1196107811
21.00000000000003 1.9101048381047117 4.681925210434565 5400.262098251384 -0.26209825138364706 1066.10018578112 13.16758414608774 -1031841.4379191152
21.10000000000003 1.9153261633654237 3.8306660812646447 5400.795388706458 -0.7953887064575096 1067.3320181271051 15.621857119141493 -1031795.9392934304
21.20000000000003 1.921453618663099 3.134181339216527 5405.817856536115 -5.817856536114723 1075.8666227980289 15.769843108788162 -1037444.5354539937
21.300000000000033 1.927696516814677 3.9981404142635992 5404.223519712974 -4.223519712973847 1084.2843332449215 15.418718476038107 -1041900.0
21.400000000000034 1.9318700128589144 4.8669840937989095 5400.881112964596 -0.8811129645951071 1087.3165937703368 14.607212508421913 -1041900.0
21.500000000000036 1.9341088741754813 5.747660936066524 5400.843090418444 -0.843090418444368 1088.8781000669135 13.997330277565215 -1041900.0
21.600000000000037 1.9338572043042987 6.637236986635658 5400.1715939088335 -0.17159390883383432 1089.477346221881 13.189814863550428 -1041900.0
21.70000000000004 1.934997199646395 7.538586460584279 5400.095159002045 -0.09515900204491946 1089.684181073108 14.40611722043176 -1041900.0
21.80000000000004 1.9321590105655908 8.422267149974966 5399.6526567688825 0.3473432311171171 1089.2351218773308 12.872636109242535 -1041900.0
21.90000000000004 1.9323331939257933 9.328281384169358 5399.559069101909 0.44093089809119335 1088.4665767119266 15.00564737472581 -1041900.0
22.000000000000043 1.9304345114106158 10.203289844483065 5399.775433026161 0.22456697383863883 1087.9632071449973 14.38017176693153 -1041900.0
22.100000000000044 1.9241150286286448 11.087422078952404 5398.510736839902 1.489263160098023 1085.7696189555115 12.704806374974789 -1041900.0
22.200000000000045 1.919632117858458 11.995950265029483 5398.2560509295345 1.7439490704653917 1082.680947135344 14.114990826012747 -1041900.0
22.300000000000047 1.9173832208660857 12.883986308279614 5399.133785143937 0.8662148560633911 1080.7210159972735 16.187977008580816 -1041900.0
22.40000000000005 1.9107009761723612 10.541443343137866 5397.043631762253 2.9563682377466907 1076.1882180513176 14.149454263989057 -1039674.15994831
22.50000000000005 1.9054294017392783 8.624817280749163 5393.43964367811 6.560356321890104 1065.69117586097 13.317497965338593 -1032440.0807138528
22.60000000000005 1.9049248502442422 7.056668684249314 5396.460124351901 3.5398756480987235 1057.9218999923173 14.548588354373132 -1026750.9887775362
22.700000000000053 1.902442750602831 5.773638014385803 5400.065216595149 -0.06521659514831717 1056.5128829000876 12.66519614022892 -1026207.300140072
22.800000000000054 1.9074395623301692 4.723885648133838 5398.808404570243 1.1915954297573261 1054.8615767759022 16.255188733300717 -1023534.7649840538
22.900000000000055 1.9091195103635323 3.864997348473141 5405.1272312695255 -5.12723126952527 1061.5806091724462 13.487894529654502 -1028918.5034188845
23.000000000000057 1.9131786292775896 3.162270557841661 5401.375146500412 -1.3751465004113534 1065.6921366498045 14.31520328591927 -1030731.7098117761
23.10000000000006 1.916414537779964 2.5873122745977226 5403.850220942664 -3.850220942664178 1071.700160074193 13.571263929510819 -1035119.397815922
23.20000000000006 1.9242509221623416 2.1168918610345004 5403.669638213852 -3.6696382138518198 1078.5031739971996 16.28307420246931 -1038623.9156777503
23.30000000000006 1.9306312453680992 2.9732898975187703 5404.038366102623 -4.038366102622169 1085.7491584384677 14.877550994002194 -1041900.0
23.400000000000063 1.9344131143942498 3.8499788008107387 5400.969910071314 -0.9699100713141026 1088.8280289564607 13.860539963932595 -1041900.0
23.500000000000064 1.935315888570816 4.741490655187354 5400.508203082215 -0.5082030822152057 1089.9553289695396 12.865950284329964 -1041900.0
23.600000000000065 1.9402403427834403 5.6474982095040085 5400.957530411005 -0.9575304110053056 1091.5199674255052 15.676152313684351 -1041900.0
23.700000000000067 1.9411119485553192 6.512650409136321 5400.886772343398 -0.8867723433977904 1093.1754225516186 13.714723853621514 -1041900.0
23.800000000000068 1.9398660091620115 7.406363470779344 5399.713297012465 0.2867029875349644 1093.1474495157827 13.111533453240678 -1041900.0
23.90000000000007 1.9418715400948958 8.30887696551212 5400.157114417312 -0.15711441731186046 1093.2472616630603 15.544674070624039 -1041900.0
24.00000000000007 1.9374200511993487 9.17601913400368 5399.520988408345 0.4790115916544759 1092.6389508433595 12.542957684936006 -1041900.0
24.100000000000072 1.9351149016917453 10.086853981376 5398.808239913632 1.191760086367829 1090.7566599668053 14.070330200743225 -1041900.0
24.200000000000074 1.933223304810332 10.975492977167466 5399.459247193858 0.5407528061418855 1089.4894329863316 14.917893631501443 -1041900.0
24.300000000000075 1.926476988648058 11.851825815914495 5398.527739053577 1.4722609464237186 1087.1857381230163 12.95496789920472 -1041900.0
24.400000000000077 1.9197419810093124 12.756737698594103 5397.761295871855 2.238704128145185 1083.4071653651763 13.48141660502453 -1041900.0
24.500000000000078 1.91397737529746 13.654013095634879 5398.138204960969 1.8617950390303857 1079.8346856048488 14.55472409026977 -1041900.0
24.60000000000008 1.9088273936264581 11.1714652600649 5394.374048936009 5.625951063991067 1071.1183194591365 15.525009089321154 -1035983.8963829768
24.70000000000008 1.9055168192782108 9.14028975823492 5395.799628344804 4.2003716551964985 1062.8145925458325 14.720340505155496 -1030416.3068767022
24.800000000000082 1.9031592415986012 7.478418893101297 5397.590999168825 2.4090008311753017 1057.6393527929033 13.869922524167832 -1026845.2017705479
24.900000000000084 1.904604861947167 6.118706367082879 5398.768996573484 1.2310034265153709 1054.8834526125247 14.924752216168187 -1024305.8699638756
25.000000000000085 1.9067988630269799 5.006214300340537 5402.084290781772 -2.084290781772424 1057.2982728711997 14.499598152871284 -1025862.5655472082
25.100000000000087 1.9104013714687778 4.095993518460439 5402.344071876425 -2.344071876425307 1061.4848094365545 14.681805705733785 -1028227.4024627901
25.200000000000088 1.914990944445347 3.351267424194905 5403.628770280514 -3.6287702805138715 1067.5916332374027 14.779472926670584 -1032116.3255510477
25.30000000000009 1.9197683783549706 2.741946074341286 5404.33535268518 -4.335352685179595 1075.2387437697587 14.513893242908498 -1037081.4217346124
25.40000000000009 1.9264598399569202 3.6241855744276292 5404.451107963685 -4.451107963684726 1083.3485444291066 15.470816758908578 -1041900.0
25.500000000000092 1.9324325737672337 4.49225994609859 5401.332161258937 -1.3321612589366603 1087.1128294195505 15.598665162028182 -1041900.0
25.600000000000094 1.9333286957744584 5.358502303981732 5400.831649770495 -0.8316497704947691 1088.849460319967 13.138576387543825 -1041900.0
25.700000000000095 1.937569257653863 6.260560265545535 5400.747748291587 -0.747748291587795 1090.2556571655036 15.602896304533331 -1041900.0
25.800000000000097 1.9366697616662698 7.12679443014128 5400.448102571245 -0.4481025712452354 1091.2040789640218 13.14220396102628 -1041900.0
25.900000000000098 1.9392035661478253 8.02885205480835 5400.187308056018 -0.18730805601824513 1091.6579915051593 15.7094496156559 -1041900.0
26.0000000000001 1.9414565691599612 8.89358760157689 5400.847280892928 -0.8472808929280583 1092.9312288990468 16.31598043982611 -1041900.0
26.1000000000001 1.9415777236209069 9.749525072107605 5400.276497809758 -0.2764978097587548 1093.6800614115982 15.362014823347296 -1041900.0
26.200000000000102 1.9384941360980532 10.619365805781221 5399.347067297246 0.6529327027535863 1092.8773143047563 14.024495047164567 -1041900.0
26.300000000000104 1.936090084033451 11.50868864169251 5399.075976316322 0.9240236836778225 1091.2985214684866 15.000440751351723 -1041900.0
26.400000000000105 1.9345316968380195 12.383837322646208 5399.460072983807 0.5399270161930567 1090.145978260791 16.34759492361256 -1041900.0
26.500000000000107 1.93231815066402 13.239411397018907 5399.4347142926945 0.5652857073054595 1089.120561644332 16.64792493156342 -1041900.0
26.600000000000108 1.928189822025655 14.090639558578454 5398.935826258013 1.0641737419873103 1087.3814597019743 15.935171345942189 -1041900.0
26.70000000000011 1.923787907969114 14.952259416062539 5398.619568088461 1.3804319115390986 1084.9852214720133 16.475690556450264 -1041900.0
26.80000000000011 1.9132636655448716 15.806038041758258 5397.494716747497 2.505283252503557 1080.8699742387432 13.239834756692154 -1041900.0
26.900000000000112 1.9028069845642526 12.932212943256756 5392.036366408571 7.96363359142919 1068.586974409358 13.418767180040133 -1035211.4170812793
27.000000000000114 1.899305275870978 10.580901499028254 5391.3882743921395 8.61172560786061 1053.0764723851164 15.912900024102596 -1023926.7261192392
27.100000000000115 1.8975216677571445 8.657101226477662 5398.504233203724 1.4957667962759955 1047.3175653114306 15.115815684950464 -1020161.5581530367
27.200000000000117 1.893790020583244 7.083082821663542 5398.377108339517 1.6228916604830514 1044.396705840189 12.877600627895498 -1018246.4220331013
27.300000000000118 1.893543725866757 5.795249581361079 5396.9462901793495 3.0537098206500657 1039.4059226388483 13.647629669190787 -1014245.4135747615
27.40000000000012 1.8987028732976243 4.741567839295429 5401.3909738732955 -1.3909738732954477 1040.071031862366 16.270577164681608 -1013981.6176523749
27.50000000000012 1.9048318641796302 3.879464595787169 5405.705496848891 -5.705496848890636 1048.6998498447301 16.279405125718476 -1019514.5315822156
27.600000000000122 1.9080852883436235 3.174107396553138 5405.051888378234 -5.051888378233848 1058.2370912335912 13.843825295916563 -1026107.1170285561
27.700000000000124 1.9147770507706363 2.596996960816204 5402.999880648152 -2.999880648151528 1064.6059237392078 15.606715695893191 -1029615.2614354047
27.800000000000125 1.9218162904797795 2.1248156952132575 5406.691846772277 -6.6918467722771995 1075.3066852361628 15.56077739363008 -1036849.7623958531
27.900000000000126 1.930367231746234 2.991821170604827 5404.966099111142 -4.966099111141895 1085.1412619152072 16.680593464655644 -1041900.0
28.000000000000128 1.9335993362271473 3.842279129590804 5400.955013176634 -0.9550131766339102 1088.5925015042085 13.587189349372382 -1041900.0
28.10000000000013 1.937157841197658 4.737767151755598 5400.865363807981 -0.8653638079815339 1090.216724696547 14.18680442041542 -1041900.0
28.20000000000013 1.9402221179537193 5.624559264755009 5401.039735806913 -1.039735806913249 1092.0486267030724 14.411813151099238 -1041900.0
28.300000000000132 1.942849750706308 6.508104878672268 5400.83441828039 -0.8344182803904382 1093.6651700422733 14.695960778665489 -1041900.0
28.400000000000134 1.9458687552441452 7.387543300709684 5400.85715738627 -0.8571573862704495 1095.2266981504142 15.615084607793726 -1041900.0
28.500000000000135 1.9459943091008522 8.253636741962008 5400.389667950651 -0.3896679506503708 1096.1391750246592 14.324659734514919 -1041900.0
28.600000000000136 1.9466861437201417 9.138528675659346 5400.03902642471 -0.03902642470942349 1096.3593824681504 15.281923932371313 -1041900.0
28.700000000000138 1.9468093468116465 10.009519706588652 5400.128142679023 -0.12814267902273754 1096.5564827069704 15.5829924596814 -1041900.0
28.80000000000014 1.942186632000223 10.876155724743846 5399.123267154192 0.8767328458076915 1095.375498623133 13.409492705562197 -1041900.0
28.90000000000014 1.9397476524926356 11.774435112119555 5398.828792346022 1.1712076539782776 1093.353532312055 15.181577970985492 -1041900.0
29.000000000000142 1.933828381082836 12.646958045724121 5398.687635471285 1.3123645287149601 1091.007818645809 13.845583993137872 -1041900.0
29.100000000000144 1.9286514253391598 13.538939501184018 5398.211119186729 1.7888808132712626 1087.9308430197345 14.822124572310551 -1041900.0
29.200000000000145 1.9185521526443032 14.41673679675708 5397.519317092668 2.480682907332544 1083.677075338476 12.97447920179727 -1041900.0
29.300000000000146 1.9101723370638184 11.79551192461943 5396.416500236751 3.583499763248879 1077.5761146193493 14.332705246455335 -1040942.2200912702
29.400000000000148 1.9031343304927333 9.650873392870443 5391.733898243008 8.266101756991743 1064.4097733441301 13.242735714402576 -1031868.8634398727
29.50000000000015 1.9035442758276038 7.896169139621271 5395.3740780109865 4.625921989013269 1054.387022116646 15.92526781409589 -1024279.0551557268
29.60000000000015 1.906351139626693 6.4605020233264945 5402.1775027097265 -2.1775027097263533 1055.493732511309 16.31337475365946 -1024720.3730781911
29.700000000000152 1.9052599459200965 5.285865291812586 5402.171166238665 -2.1711662386650854 1059.476166890512 13.012304657285323 -1027744.5959848342
29.800000000000153 1.9108812357236218 4.324798875119388 5399.5251279791955 0.4748720208041618 1059.7276466983928 16.443197537127425 -1026568.3725199626
29.900000000000155 1.9120212076995686 3.538471806915863 5405.379496396332 -5.3794963963319 1067.1060113840038 13.073132299036548 -1032634.8950430918
30.000000000000156 1.9161867762956775 2.895113296567524 5400.820968373335 -0.8209683733351462 1070.5436622940776 14.230862536655513 -1033867.3379103569
30.100000000000158 1.921831297071889 2.3687290608279743 5404.51004300701 -4.510043007009322 1077.2464034812479 14.799233145647563 -1038377.054194739
30.20000000000016 1.9300271508517668 3.2467344975707255 5404.115552235463 -4.115552235462586 1084.9574748159866 16.53775361604501 -1041900.0
30.30000000000016 1.9357660052387669 4.0992776808080365 5401.628410195623 -1.6284101956222143 1088.9968989294543 15.181661257667413 -1041900.0
30.400000000000162 1.9379330309668787 4.97157721264707 5400.986320581905 -0.9863205819050793 1091.0770705523023 13.585388315642033 -1041900.0
30.500000000000163 1.9420625185550107 5.867126058541041 5400.923073091277 -0.9230730912765532 1092.7958804646387 15.255088396677456 -1041900.0
30.600000000000165 1.9446503347188477 6.738411291793453 5401.0449026760325 -1.0449026760323927 1094.6595313258697 14.83556691791393 -1041900.0
30.700000000000166 1.9488518284140783 7.6158262037937305 5401.037937931528 -1.037937931528272 1096.5650246060309 17.050278505372077 -1041900.0
30.800000000000168 1.949997240491769 8.46104798773909 5400.760976286052 -0.7609762860524104 1098.0773258760466 15.126687307136711 -1041900.0
30.90000000000017 1.9479811091499506 9.334279732298421 5399.639972195702 0.3600278042975073 1097.8927006450776 13.81517644596489 -1041900.0
31.00000000000017 1.9478511472346176 10.226615838424367 5399.628226473227 0.37177352677325975 1097.216219956832 15.563088962864953 -1041900.0
31.100000000000172 1.9458573216030601 11.093548183181818 5399.687348795799 0.31265120420115416 1096.6180624347608 14.991831386705698 -1041900.0
31.200000000000173 1.9408759845894579 11.96881523730482 5398.759797428639 1.240202571360841 1094.738052901132 13.894667163374455 -1041900.0
31.300000000000175 1.9362463570426311 12.860066789335859 5398.437839286386 1.5621607136136855 1092.0111225653934 14.661320455565138 -1041900.0
31.400000000000176 1.9331970395621012 13.740187960601995 5398.908442344095 1.0915576559045421 1089.8107616856516 16.415096814842197 -1041900.0
31.500000000000178 1.9267692840608392 14.5948182073296 5398.49280974735 1.5071902526501395 1087.2243101735642 14.903580409480776 -1041900.0
31.60000000000018 1.9181637084158702 15.471459768961617 5397.500459152513 2.499540847486577 1083.063408452332 14.349483943718829 -1041900.0
31.70000000000018 1.9082049234227858 12.658467083695868 5396.1039589967 3.8960410032993917 1076.514081359349 14.267101780587168 -1040520.7490738371
31.800000000000182 1.905614183780808 10.356927613932983 5391.180344156648 8.819655843351855 1062.435264890667 16.403997641505757 -1029744.3772203587
31.900000000000183 1.9028318555317085 8.473849865945168 5398.983712384779 1.0162876152209557 1057.2637815632395 14.426623820713738 -1026950.1400482411
32.000000000000185 1.9045239297165297 6.933149890318773 5398.374222787962 1.6257772120376646 1054.5421555226249 15.883645316140113 -1023953.4931165421
32.100000000000186 1.9042543270200403 5.672577182988086 5401.861757628507 -1.8617576285066797 1056.4760424832868 13.63995751870711 -1025775.3835984261
32.20000000000019 1.9087269096445345 4.641199513353889 5400.303421314653 -0.30342131465287864 1057.6929483501194 15.730792547962363 -1025484.9884704017
32.30000000000019 1.91252605601245 3.7973450563804545 5404.676087099712 -4.676087099712352 1064.410205711027 14.601244522944299 -1030307.8239320123
32.40000000000019 1.9196300106691864 3.106918682493099 5403.925878228113 -3.925878228112755 1071.9244290647157 16.637719016871085 -1034413.3727412247
32.50000000000019 1.9276576208316096 3.9584210776717974 5406.990601360709 -6.990601360708656 1083.438758750674 17.1974846162148 -1041900.0
32.60000000000019 1.9316420070873526 4.801385439212689 5400.739473411823 -0.739473411823143 1087.4446917648731 14.470345007841827 -1041900.0
32.700000000000195 1.9354438628192516 5.684051482464721 5400.999580219295 -0.9995802192956122 1089.1666370204734 14.882921471662907 -1041900.0
32.800000000000196 1.938625999139129 6.56074248205234 5401.092323734273 -1.092323734273342 1091.1295431750461 15.076728133588459 -1041900.0
32.9000000000002 1.9398993315205908 7.434640692934961 5400.584373302384 -0.5843733023835008 1092.4160704214366 14.453967926511467 -1041900.0
33.0000000000002 1.9431343183814802 8.31762477431891 5400.687837505339 -0.6878375053396537 1093.6330077466705 16.691861587969882 -1041900.0
33.1000000000002 1.9448934961386397 9.168078128342572 5400.783556414189 -0.783556414188368 1095.028681836526 16.16750022959559 -1041900.0
33.2000000000002 1.9452799767719822 10.026185387033886 5400.222027411087 -0.22202741108725718 1095.673746378364 15.802633702642552 -1041900.0
33.3000000000002 1.94374454763529 10.88962567251915 5399.7032707351145 0.29672926488542284 1095.3497944664414 15.12827376999372 -1041900.0
33.400000000000205 1.940260785224113 11.762900774999201 5399.098403526076 0.9015964739239695 1093.953631826371 14.56335565743721 -1041900.0
33.500000000000206 1.9386186485711097 12.644417772522548 5399.219250215013 0.7807497849875314 1092.4712784743797 16.544879741769904 -1041900.0
33.60000000000021 1.9354599230130618 13.497131250815759 5399.285718305809 0.714281694191206 1091.1338176584297 16.137431201465997 -1041900.0
33.70000000000021 1.9309022566191627 14.355795275870017 5398.716179844074 1.283820155925891 1089.022059620393 15.86259681576388 -1041900.0
33.80000000000021 1.9267582609069847 15.218479977891697 5398.636628756266 1.3633712437340697 1086.556729791859 16.945851447013673 -1041900.0
33.90000000000021 1.9217708294083902 16.065427693962462 5398.597342098013 1.4026579019872545 1084.0023154006158 17.071000113768832 -1041900.0
34.00000000000021 1.9130245059169577 16.910576415222508 5397.738434238114 2.2615657618864446 1080.2210422916753 15.293106893251263 -1041900.0
34.100000000000215 1.9025704389614473 13.835926157909324 5392.151617485287 7.848382514713329 1068.2037674454043 13.583605422449773 -1034952.6285955384
34.200000000000216 1.899291644029646 11.320303220107627 5391.4008613169635 8.599138683036351 1052.7598668547676 16.923688021681734 -1023672.1650293751
34.30000000000022 1.8972881092904637 9.262066270997149 5398.659670497672 1.3403295023283217 1047.2253077843798 15.554850276127011 -1020146.9142400603
34.40000000000022 1.8988130627714799 7.5780542217249405 5399.118390941944 0.881609058056004 1045.4148209125915 16.418716569035805 -1017995.773578429
34.50000000000022 1.9009764062768735 6.200226181411315 5402.0233052373505 -2.023305237350928 1047.8918557514032 15.434388031026655 -1019632.8681910348
34.60000000000022 1.9058623881520949 5.072912330245622 5402.534068969504 -2.5340689695038447 1052.320240350071 16.560353611616236 -1021957.554854194
34.70000000000022 1.9072948231645945 4.150564633837327 5404.162479342705 -4.162479342705492 1059.2596189870126 13.524281625357698 -1027217.6759595897
34.800000000000225 1.912538356709865 3.3959165185941766 5401.375134597486 -1.375134597485884 1062.9620748761772 15.210582106226841 -1028762.3578106466
34.900000000000226 1.9158244158859896 2.7784771515770537 5404.9932220200535 -4.993222020053675 1070.580581771767 13.698511704023685 -1034426.678752694
35.00000000000023 1.9219328595939709 2.273299487653953 5403.168091975719 -3.168091975719068 1077.1615495020578 15.026421754356791 -1037984.3668403837
35.10000000000023 1.926813303127688 3.1480191965579065 5403.9063041232575 -3.9063041232578217 1084.0088030094332 14.071833871513412 -1041900.0
35.20000000000023 1.9344614482857734 4.036433021822281 5401.466414527125 -1.4664145271257851 1087.7312540264145 16.8113158930877 -1041900.0
35.30000000000023 1.941646299142942 4.885021251107922 5402.336189434818 -2.3361894348180114 1091.6447046995745 17.48520770641021 -1041900.0
35.40000000000023 1.94724600783958 5.723833486780093 5401.896530199096 -1.896530199095543 1095.307460070463 16.489292318437247 -1041900.0
35.500000000000234 1.9479560899953337 6.5771616155792865 5400.716694681682 -0.7166946816824233 1097.1214116813703 13.6923504701378 -1041900.0
35.600000000000236 1.9495374385256703 7.471205547077205 5400.205597844142 -0.20559784414202853 1097.7149775887997 14.686485094065063 -1041900.0
35.70000000000024 1.9522814967947635 8.350812891400405 5400.7437963008515 -0.7437963008510835 1098.8501600626153 16.28896678812438 -1041900.0
35.80000000000024 1.9547886814344584 9.207133371054557 5400.838997625774 -0.8389976257743561 1100.3476773488921 17.066303421564996 -1041900.0
35.90000000000024 1.9558018439724059 10.052170716821697 5400.46832378171 -0.46832378171025457 1101.36328055065 16.435536795184316 -1041900.0
36.00000000000024 1.956218049577849 10.906409451705313 5400.140288014246 -0.14028801424632675 1101.7595156461684 16.766116349066827 -1041900.0
36.10000000000024 1.9543502363881418 11.755863506693016 5399.676714346451 0.3232856535485062 1101.3634882783588 15.635229142865036 -1041900.0
36.200000000000244 1.9502857186177895 12.62179353674611 5398.935026374576 1.0649736254235784 1099.7258673230322 14.860847340593121 -1041900.0
36.300000000000246 1.9444104962288806 13.499012308902248 5398.342668425929 1.6573315740703254 1096.9391383179877 14.442154121427727 -1041900.0
36.40000000000025 1.9372544928885072 14.382344524265283 5397.907441652902 2.0925583470976434 1093.2880150195213 14.357095021972823 -1041900.0
36.50000000000025 1.932190244939394 15.266935862042942 5398.17222707452 1.8277729254797623 1089.825438228351 16.26480574218957 -1041900.0
36.60000000000025 1.92653483450692 16.123795871204 5398.424901160926 1.5750988390741174 1086.831148243692 16.600858476142367 -1041900.0
36.70000000000025 1.9193689135335574 16.975788518208997 5397.96623815992 2.0337618400799635 1083.2977359032523 16.269858701637133 -1041900.0
36.80000000000025 1.909958892168365 13.88928151489827 5397.284180990582 2.715819009418173 1078.608831898788 15.58306862674581 -1041828.703020386
36.900000000000254 1.9069315405355824 11.363957603098584 5391.342106199405 8.657893800595096 1065.258352273756 17.315722397668253 -1031638.2718518067
37.000000000000256 1.9066226302580696 9.297783493444296 5398.95249583997 1.0475041600306045 1060.1114719408206 17.114215665702375 -1028370.4982018451
37.10000000000026 1.9075193432676238 7.607277403727151 5400.49219455072 -0.4921945507204203 1060.3608322989328 16.041252473484803 -1028037.34677121
37.20000000000026 1.9109125024065172 6.224136057594942 5401.412844637458 -1.412844637457699 1062.560220882616 16.66646266905421 -1029004.5767090736
37.30000000000026 1.914750740862956 5.092474956214043 5403.551684398332 -3.5516843983324784 1068.1635903261488 15.777450170347267 -1032668.6881761805
37.40000000000026 1.9185346863288777 4.166570418720581 5403.512176258556 -3.5121762585562437 1074.6181608593477 14.944796415028756 -1036821.2690168456
37.50000000000026 1.9222016112713194 3.4090121607713844 5403.362469412078 -3.362469412078217 1080.8450429945935 14.355745558800098 -1040923.2669005843
37.600000000000264 1.9283799946224047 4.293355818163019 5401.715560209099 -1.7155602090991493 1084.6879543599355 15.57202951965639 -1041900.0
37.700000000000266 1.930820195148589 5.159977890244892 5401.139910640298 -1.139910640298114 1087.0214859807736 13.795171856089045 -1041900.0
37.80000000000027 1.933154652730436 6.0524764686001244 5400.601947104804 -0.6019471048036928 1088.3529515629284 14.207001165377386 -1041900.0
37.90000000000027 1.9384761240659107 6.939010399829639 5401.27704508586 -1.2770450858599431 1090.4075336613419 17.605037873021566 -1041900.0
38.00000000000027 1.939179047941825 7.776136582240119 5400.863994609696 -0.8639946096965097 1092.1663691828087 14.35478660122786 -1041900.0
38.10000000000027 1.9411107665041145 8.660573014916539 5400.271263501001 -0.2712635010013242 1092.9149131702309 15.7946840237971 -1041900.0
38.20000000000027 1.9417755910792507 9.524087640383845 5400.397688108529 -0.397688108529057 1093.5902714395727 15.567188841313747 -1041900.0
38.300000000000274 1.9429296826265017 10.390937061082314 5400.254270629945 -0.2542706299448968 1094.1171585151815 16.856749969971748 -1041900.0
38.400000000000276 1.9410321638286439 11.239050918773899 5399.791805851868 0.20819414813231119 1093.9316237075598 15.163049745800743 -1041900.0
38.50000000000028 1.9380782200330207 12.111828713248148 5399.111474806613 0.8885251933866302 1092.5914173912697 15.12701786067517 -1041900.0
38.60000000000028 1.9366692008927666 12.985154225939663 5399.3566924629295 0.6433075370702797 1091.3082623895418 17.14574794396629 -1041900.0
38.70000000000028 1.9347891854801842 13.829134818238476 5399.544263340374 0.4557366596261762 1090.3933670404106 17.70907229909631 -1041900.0
38.80000000000028 1.9300814441103245 14.664943195048872 5398.873124145151 1.1268758548487094 1088.6123666172475 16.036869007995847 -1041900.0
38.90000000000028 1.9204757919796485 15.525100964520254 5397.53338433766 2.466615662340221 1084.6591097865542 13.913700088212128 -1041900.0
39.000000000000284 1.910744749128212 16.416167116930424 5396.8735756120195 3.1264243879807356 1079.208132783057 14.419137605941941 -1041900.0
39.100000000000286 1.9050595910963741 13.43140945930671 5391.4086492249235 8.591350775076332 1065.7773156004705 17.53970620394119 -1032487.3863595882
39.20000000000029 1.8978489370929035 10.989335012160035 5395.231315489675 4.7686845103255715 1055.4155063967896 14.170737721111315 -1026352.4785036788
39.30000000000029 1.8954014730936004 8.99127410085821 5394.280757652999 5.719242347001533 1045.3351716974864 15.000105180942283 -1018597.6902933749
39.40000000000029 1.8960487237829642 7.356496991611262 5399.218946073018 0.7810539269818002 1041.8097079592403 15.443844841490835 -1015972.2192612843
39.50000000000029 1.8983079351021555 6.018952084045578 5401.4252062769665 -1.4252062769661582 1043.4866567384454 15.29580761026905 -1016666.2157648073
39.60000000000029 1.903987256464576 4.924597159673655 5402.870811647681 -2.870811647680936 1048.1359178114617 17.270538784961634 -1019090.4490582276
39.700000000000294 1.909664620576321 4.029215857914808 5405.631117842808 -5.6311178428075115 1057.287386990594 16.118115301086068 -1025197.3613020434
39.800000000000296 1.9168171827895395 3.2966311564757524 5405.341538618803 -5.341538618802554 1067.201208869837 16.9015357669852 -1031320.4027592797
39.9000000000003 1.9211687710444716 2.697243673480161 5406.148112210997 -6.148112210997536 1078.128711349505 14.258303864008207 -1039060.3981406878
40.0000000000003 1.9283536886416117 3.5830892332262034 5402.685063192796 -2.6850631927959974 1084.5187649656175 15.84597592699712 -1041900.0
40.1000000000003 1.9355629525832143 4.44570544439239 5401.9132975228185 -1.9132975228189766 1088.353067969015 16.788604407918502 -1041900.0
40.2000000000003 1.941528439472876 5.294636394763417 5401.994452015533 -1.9944520155331487 1091.9744890085763 16.37225551510327 -1041900.0
40.3000000000003 1.9454697022457978 6.1496519654526525 5401.397532268317 -1.3975322683176012 1094.789259629222 15.37128032978629 -1041900.0
40.400000000000304 1.9481356977560114 7.019256652139758 5400.885174627621 -0.885174627621458 1096.629024361307 15.096262660766941 -1041900.0
40.500000000000306 1.9519679337274711 7.892888713854809 5400.991316393337 -0.9913163933368567 1098.4011032016303 16.971159783224742 -1041900.0
40.60000000000031 1.9513012136739396 8.73927109756365 5400.365315088289 -0.3653150882892415 1099.3361503118047 14.20696841796228 -1041900.0
40.70000000000031 1.9519905341155865 9.62589190968827 5399.88726276455 0.11273723545049315 1099.3321971444896 15.696901062381926 -1041900.0
40.80000000000031 1.9512618548378433 10.490862406509203 5399.997124784727 0.002875215272793898 1099.280345378339 15.384378065157883 -1041900.0
40.90000000000031 1.948713106864047 11.360404039534624 5399.386658355188 0.6133416448118543 1098.4149279095234 14.849785933782213 -1041900.0
41.00000000000031 1.94853207447964 12.237746748290606 5399.602688929036 0.39731107096357676 1097.5950597531357 17.717426101114462 -1041900.0
41.100000000000314 1.9467011316535077 13.073395020104977 5399.7253075419485 0.2746924580512153 1097.039558185653 16.906895550520712 -1041900.0
41.200000000000315 1.9411625434130007 13.920858221968684 5398.679162272559 1.3208377274416654 1095.062028225474 14.943004160841216 -1041900.0
41.30000000000032 1.9366031043268688 14.796914309161041 5398.359606092236 1.640393907763319 1092.190678013 16.23585454817979 -1041900.0
41.40000000000032 1.9266513439890893 15.654184302682923 5397.6360357434705 2.3639642565292367 1088.1643253586587 13.837958535848037 -1041900.0
41.50000000000032 1.918429360176068 16.54635925191835 5397.098087756873 2.901912243127216 1083.0732101633243 15.285933178448166 -1041900.0
41.60000000000032 1.9079970702918387 13.537930297024104 5396.40116691928 3.5988330807203215 1076.7720435615033 14.758065931516184 -1040808.9781839157
41.70000000000032 1.9040782547411188 11.076488424837903 5390.456123057887 9.543876942112751 1061.798815723841 16.19582618547983 -1029520.0575645054
41.800000000000324 1.8999913940722974 9.062581438503738 5397.650508876865 2.3494911231341793 1054.441778907889 14.193584402848035 -1025295.3592503342
41.900000000000325 1.8992650810505556 7.414839358775785 5397.028529705927 2.971470294072435 1049.258793027332 14.665760972325835 -1020898.7517467985
42.00000000000033 1.9031953380438367 6.066686748089278 5400.74794575258 -0.7479457525796062 1049.05274518803 16.87593045681643 -1020118.3794421069
42.10000000000033 1.9049499869948279 4.963652793891228 5403.916707466322 -3.9167074663215464 1054.8885150071708 14.203663782084444 -1024344.7255158073
42.20000000000033 1.910578866376892 4.061170467729187 5401.868310825877 -1.868310825877071 1059.181648926552 16.126406864474596 -1026234.383294711
42.30000000000033 1.9134552123353064 3.3227758372329714 5405.176586881335 -5.176586881335005 1067.267623632525 13.792248458113255 -1032308.1217938914
42.40000000000033 1.9204164904322243 2.7186347759178857 5402.8818701557175 -2.8818701557174995 1073.523051519617 16.046328658388564 -1035418.7082705994
42.500000000000334 1.9251316196962103 3.5786734185228273 5405.831112597629 -5.831112597629055 1082.9610021157005 14.195873207105981 -1041900.0
42.600000000000335 1.930637357141786 4.465294159330208 5400.673358247487 -0.67335824748719 1086.3821556278047 15.20751043401613 -1041900.0
42.70000000000034 1.9348459339283348 5.337225485739049 5401.431196427249 -1.4311964272494644 1088.6842152907336 14.929539148511125 -1041900.0
42.80000000000034 1.939441948860028 6.21322801830022 5401.356337398208 -1.3563373982078635 1091.2021219699623 15.89054635681774 -1041900.0
42.90000000000034 1.9436713416471552 7.075276948165928 5401.338866856642 -1.3388668566426005 1093.6636724278117 16.409758169689457 -1041900.0
43.00000000000034 1.9468807957270455 7.929799091949823 5401.083675031782 -1.0836750317819368 1095.7582500948088 16.30152656322554 -1041900.0
43.10000000000034 1.9482684319301937 8.785921991548406 5400.596699476637 -0.596699476636346 1097.058477870865 15.535636199659361 -1041900.0
43.200000000000344 1.9505391315886997 9.65321262198612 5400.525175332634 -0.5251753326335526 1098.0514504926396 17.325023188242746 -1041900.0
43.300000000000345 1.9515964393222507 10.494496622295014 5400.499434725852 -0.49943472585143933 1098.977828362401 16.96435025897495 -1041900.0
43.40000000000035 1.949070772665866 11.34105250222531 5399.601595784646 0.39840421535416415 1098.628237146728 14.8673540502015 -1041900.0
43.50000000000035 1.947883318267485 12.218139252493934 5399.351874031116 0.6481259688846682 1097.5461042692593 16.559988378207752 -1041900.0
43.60000000000035 1.9454114299863579 13.070625467556814 5399.4523276541195 0.5476723458807625 1096.4996285231061 16.3131061554779 -1041900.0
43.70000000000035 1.939314797063818 13.926726597231873 5398.517009424264 1.4829905757359312 1094.1778817272407 14.626485505439966 -1041900.0
43.80000000000035 1.9314763398596058 14.80738673424903 5397.678474400222 2.3215255997781057 1090.2780641530414 14.29234900450934 -1041900.0
43.900000000000354 1.9238610962807878 15.692929240600069 5397.596877739452 2.403122260548395 1085.907738033623 15.013074336048412 -1041900.0
44.000000000000355 1.917104864734679 16.568007841539877 5397.856112857332 2.1438871426683668 1081.8680772111306 16.185061706418445 -1041900.0
44.10000000000036 1.908334090100872 13.555642779441717 5395.869477688078 4.130522311921462 1075.139163125142 15.625391210873206 -1039372.3124437142
44.20000000000036 1.9044384658209192 11.090980455906859 5392.065541259979 7.934458740020739 1062.2081693001978 16.231957115360753 -1029883.7890419497
44.30000000000036 1.9018594275223564 9.074438554832884 5397.665381577827 2.3346184221731137 1055.5544814375874 15.05584399945648 -1025683.3240638096
44.40000000000036 1.9037277222746682 7.42454063577236 5398.8079658200995 1.1920341799005927 1052.8850270671062 16.62649680394457 -1022907.1929653421
44.50000000000036 1.9043422278465794 6.074624156541021 5402.164819036158 -2.1648190361582134 1055.4298345967752 14.394217755624393 -1024917.8892295469
44.600000000000364 1.9075670320898575 4.970147037169927 5400.80303097223 -0.8030309722298588 1057.479188507978 15.116939147083476 -1025579.6639108355
44.700000000000365 1.911534022018678 4.0664839395026675 5403.447106345444 -3.4471063454435784 1062.6766464809334 14.897906423399649 -1029056.0284858751
44.80000000000037 1.9178287621306187 3.327123223229455 5404.136865077576 -4.13686507757557 1069.9670624657056 16.049212779957227 -1033340.5433423108
44.90000000000037 1.9246494554710232 2.722191728096827 5406.163235655747 -6.163235655746747 1080.4050922975448 16.00155519047501 -1040157.3930899245
45.00000000000037 1.9329380178891424 3.5826163516563274 5402.666103852508 -2.6661038525079417 1086.774844543765 17.121124587537786 -1041900.0
45.10000000000037 1.9396808659964213 4.42668356686954 5402.036370138192 -2.0363701381923582 1090.7745181019416 16.305705926412028 -1041900.0
45.20000000000037 1.9456657599131064 5.282641480123044 5401.887024421884 -1.887024421884509 1094.2967564509702 16.4106934855247 -1041900.0
45.300000000000374 1.9478051047371525 6.137099626476558 5401.075511490835 -1.0755114908355423 1096.6122504964367 14.221229227792922 -1041900.0
45.400000000000375 1.9484886996128505 7.023436531244511 5400.237281066336 -0.23728106633629506 1097.4025963910187 13.903685443177755 -1041900.0
45.50000000000038 1.949468286336195 7.9144189564037 5400.217909922952 -0.21790992295124384 1097.8102386445835 14.60780517978443 -1041900.0
45.60000000000038 1.9505050741305254 8.795183642444446 5400.3277741150105 -0.3277741150101758 1098.3644661799642 15.278371184614043 -1041900.0
45.70000000000038 1.9516345752700168 9.666218478063234 5400.335824000568 -0.3358240005683069 1098.976618421529 16.106939756862527 -1041900.0
45.80000000000038 1.9529382746994368 10.525224551172144 5400.379520875438 -0.3795208754384445 1099.653752711263 17.296557535360776 -1041900.0
45.90000000000038 1.9515915927880787 11.366948926816889 5399.902921484444 0.09707851555624983 1099.67788593403 15.683099805902895 -1041900.0
46.000000000000384 1.950841151023741 12.23216994137908 5399.604707396458 0.3952926035414938 1099.0797573650443 17.03602868600282 -1041900.0
46.100000000000385 1.947660733931399 13.077732467903788 5399.33814042813 0.6618595718702693 1097.9795931643775 15.795805351656304 -1041900.0
46.20000000000039 1.942431458637343 13.941360845699009 5398.5572704408205 1.442729559179857 1095.6661587570202 15.128984873692215 -1041900.0
46.30000000000039 1.9364590424909722 14.814712456570808 5398.192754687735 1.8072453122645469 1092.5080327789472 15.32583369623673 -1041900.0
46.40000000000039 1.9277005833085035 15.685222214083083 5397.632496674005 2.3675033259952705 1088.4059485802195 14.425972776953033 -1041900.0
46.50000000000039 1.9222837295625026 16.568843942209494 5397.862432722339 2.1375672776609616 1084.3902948757734 17.167612078198434 -1041900.0
46.60000000000039 1.913972728105551 17.412601834241183 5397.928559666178 2.071440333821882 1080.56530691969 15.905923193194402 -1041900.0
46.700000000000394 1.906274462825256 14.246674228015513 5393.445591338373 6.554408661627059 1070.4518544139169 16.914294909171065 -1035978.8655919146
46.800000000000395 1.9017317331503052 11.656369822921782 5393.419017030627 6.58098296937254 1058.4001801375414 16.352838809220057 -1027661.9222508562
46.9000000000004 1.8993461611838387 9.537029855117822 5396.970946722402 3.029053277597541 1051.341907290392 15.597332272214496 -1022769.8378014802
47.0000000000004 1.9012513508508437 7.8030244269145825 5399.066975647594 0.9330243524060929 1048.7429573881507 17.189092897194254 -1020205.4795530703
47.1000000000004 1.8996931787739317 6.384292712930113 5401.773626455855 -1.7736264558553227 1050.8463947390308 13.457639325180173 -1022253.1945089183
47.2000000000004 1.902875591481095 5.223512219670092 5398.868980666076 1.1310193339240409 1050.0048061148145 15.254609145282748 -1020578.304260202
47.3000000000004 1.9065689763027864 4.2737827251846205 5403.731038300444 -3.7310383004438687 1054.7822868825563 14.831123009399171 -1024000.5641099004
47.400000000000404 1.908814762435966 3.4967313206055985 5403.143484907418 -3.1434849074179985 1060.7934173564963 13.541961311061304 -1027979.4879239921
47.500000000000405 1.916320396640206 2.8609619895863987 5402.689383500186 -2.6893835001852926 1065.9155963090025 16.68676616681606 -1030402.6698745942
47.600000000000406 1.9244832739432571 2.3407870823888715 5407.8155933104945 -7.8155933104940924 1078.0680658875674 16.960295492766832 -1038521.8763374194
47.70000000000041 1.9282074363159751 3.1873449543346 5402.925060835275 -2.9250608352753553 1085.50328816812 13.520806380248969 -1041900.0
47.80000000000041 1.9305556393603438 4.083777180365191 5400.215974074691 -0.21597407469127944 1087.0478214335167 13.236520303225099 -1041900.0
47.90000000000041 1.9350470663575972 4.984372227592647 5401.113185778498 -1.1131857784975887 1088.7078732030889 14.873487670906911 -1041900.0
48.00000000000041 1.940443510650756 5.861180201052554 5401.643783277907 -1.6437832779065067 1091.495954611742 16.31836163582127 -1041900.0
48.10000000000041 1.943225986639085 6.71699553141443 5401.176328523463 -1.1763285234624206 1093.850365611133 14.952069462328229 -1041900.0
48.200000000000415 1.942743450279364 7.592714173128174 5400.130504848702 -0.13050484870175824 1094.5330102369019 13.59900846664373 -1041900.0
48.300000000000416 1.9404022497742583 8.488142524205342 5399.38599022796 0.6140097720395387 1093.7232045239475 13.149650790132592 -1041900.0
48.40000000000042 1.942642223631879 9.390132777445828 5400.093105382132 -0.09310538213192995 1093.5940498640268 16.820958968856395 -1041900.0
48.50000000000042 1.938264748915798 10.238738482830412 5399.607023784822 0.3929762151782771 1093.0798230588646 13.162708877623555 -1041900.0
48.60000000000042 1.9356415972416432 11.140587872771155 5398.748554183866 1.251445816133834 1091.1499139886964 14.595779852776936 -1041900.0
48.70000000000042 1.9315889558168113 12.0216129240515 5398.998255364093 1.0017446359073594 1089.207842770662 14.400956064789057 -1041900.0
48.80000000000042 1.9293687523440628 12.905495528570492 5399.066473925468 0.9335260745317845 1087.467764806022 16.275787063170018 -1041900.0
48.900000000000425 1.9239113856054042 13.76212659554027 5398.776018896756 1.2239811032445456 1085.347360375949 14.842327066505831 -1041900.0
49.000000000000426 1.9197947578693402 14.63963393852598 5398.470292079585 1.5297079204146127 1082.673033928309 16.382706790143146 -1041900.0
49.10000000000043 1.913411490841059 15.494754308110204 5398.367705493728 1.6322945062721583 1079.7245348107158 15.581153346998667 -1041900.0
49.20000000000043 1.902956770584544 12.677526252090168 5392.766422801078 7.233577198921891 1068.8403316667755 14.02529484175743 -1035371.3912123205
49.30000000000043 1.9011158230082252 10.372521478982865 5391.5156095170705 8.484390482929625 1053.8187887439844 17.011645665919488 -1024087.9363177939
49.40000000000043 1.900783157643451 8.486608482804161 5400.229493622949 -0.22949362294898185 1050.5447636939575 15.970774774029179 -1022107.4601408059
49.50000000000043 1.8993366515385885 6.94358875865795 5399.782343097443 0.21765690255646275 1050.3353904143858 13.905486959679397 -1021749.7859813493
49.600000000000435 1.9031833428778822 5.681118075265595 5399.423136062092 0.5768639379079674 1049.4303025991896 16.261491580399095 -1020195.2636502468
49.700000000000436 1.9063844558827956 4.648187516126396 5404.234522017946 -4.23452201794604 1055.1521538128027 14.819752543558568 -1024331.8133926943
49.80000000000044 1.9072457434762857 3.803062513194324 5402.310294883331 -2.3102948833308865 1060.2027966390249 13.05471237609185 -1027780.5189590002
49.90000000000044 1.9104054123507543 3.1115966017044467 5400.737542198293 -0.7375421982936581 1062.221558626953 13.780402235620171 -1028709.4129951783
50.00000000000044 1.917309225659217 2.545851765030911 5403.953281843564 -3.953281843563473 1068.1044506366102 15.768690009844118 -1032120.6918216449
50.10000000000044 1.9232670522865638 2.0829696259343815 5406.722799199322 -6.722799199322214 1079.2530662101262 14.807313107711089 -1039593.9157704592
50.20000000000044 1.9282538765461095 2.9607813165024606 5402.16452968423 -2.1645296842299775 1085.1533553957188 14.042012952854185 -1041900.0
50.300000000000445 1.9323795608250718 3.849624358867271 5400.988419368993 -0.9884193689932083 1087.4637988727438 14.0276607295026 -1041900.0
50.400000000000446 1.9392160867502937 4.738703820527306 5401.779094628351 -1.7790946283515057 1090.389633016544 16.68285632311441 -1041900.0
50.50000000000045 1.9431508748964288 5.589183518158075 5401.6460306950785 -1.6460306950783168 1093.4632263883304 14.967578947372811 -1041900.0
50.60000000000045 1.9481142977286872 6.464644135239931 5401.280335640425 -1.2803356404246449 1095.965136320402 16.560850533564995 -1041900.0
50.70000000000045 1.9487640820870828 7.31695290326962 5400.7362920116775 -0.7362920116773527 1097.5454340763956 14.072033248612827 -1041900.0
50.80000000000045 1.9503590009941747 8.205494701708087 5400.2219647058155 -0.22196470581518132 1098.1703701598403 15.215862071570331 -1041900.0
50.90000000000045 1.948888221047083 9.077421954637746 5399.946033394632 0.05396660536800329 1098.1884442481426 13.952254823716364 -1041900.0
51.000000000000455 1.944416672766103 9.967756892689428 5398.877228222001 1.12277177799933 1096.5835769722655 12.952817774709498 -1041900.0
51.100000000000456 1.944280689219086 10.872655251792981 5399.348548738394 0.6514512616059492 1095.1896269107908 16.10315891932887 -1041900.0
51.20000000000046 1.943536115546135 11.731747147756208 5400.011988994145 -0.011988994145617049 1094.9303040686211 16.460422933219117 -1041900.0
51.30000000000046 1.9415648409934896 12.585665689871824 5399.515143271314 0.4848567286860106 1094.2522242714203 16.246325706932954 -1041900.0
51.40000000000046 1.9353473749138481 13.442722475966864 5398.545537808158 1.454462191842125 1091.997307790152 14.226135850609785 -1041900.0
51.50000000000046 1.9292118392305162 14.329191126243801 5397.968883440919 2.0311165590808504 1088.518772589066 14.855618533739605 -1041900.0
51.60000000000046 1.9225718910596838 15.206524092226246 5398.045545348776 1.954454651224259 1084.9037525644408 15.207973416532989 -1041900.0
51.700000000000465 1.9161388424139383 16.078752611077412 5398.001273490963 1.9987265090365915 1081.2588581410894 15.999759267283528 -1041900.0
51.800000000000466 1.9056507100469522 13.155343045426974 5394.845626333138 5.154373666861929 1073.1488856046492 13.71290386747044 -1038325.1043316205
51.90000000000047 1.9023014579518531 10.763462491712978 5390.7926583387625 9.207341661237555 1057.9902867692163 16.248425371200888 -1026989.5089970536
52.00000000000047 1.8984028497477623 8.806469311401528 5398.22393083976 1.7760691602401646 1051.583892458073 14.073820965004758 -1023382.7366826009
52.10000000000047 1.8978883487705434 7.205293072964887 5397.119752133536 2.8802478664634794 1046.7725698902843 14.599783761001312 -1019192.3598443242
52.20000000000047 1.8957011820225589 5.8952397869712705 5399.765022051514 0.23497794848566309 1045.2202608654873 12.823733975420975 -1018639.9961480314
52.30000000000047 1.89786370229889 4.823378007521948 5398.5896624009565 1.4103375990436515 1043.133464538277 14.258012040794867 -1016293.5443463443
52.400000000000475 1.9020000496699994 3.946400187972503 5403.016197096878 -3.016197096878066 1046.785303105784 14.797901956188005 -1018613.5396720321
52.500000000000476 1.903183407078118 3.2288728810684115 5403.483753752123 -3.483753752123525 1052.972779711602 12.859965199404305 -1023058.4646335555
52.60000000000048 1.9056880218798327 2.6418050845105183 5400.736376727092 -0.7363767270919362 1055.487446110975 13.16577397302584 -1024331.8825004295
52.70000000000048 1.9076427206464026 2.1614768873267876 5402.356029775524 -2.3560297755237323 1059.119315796975 12.702232339554644 -1027029.725429017
52.80000000000048 1.913220854879514 1.768481089631008 5402.3505910228105 -2.3505910228103826 1063.4302551729365 14.262781097485211 -1029137.6919968372
52.90000000000048 1.9206622837458436 1.446939073334461 5405.98278951056 -5.982789510559928 1072.856656186987 15.255084054455038 -1035165.0903835801
53.00000000000048 1.928542182802791 2.318467017968647 5406.2297530866035 -6.229753086603852 1084.1710810384895 15.435562799852306 -1041900.0
53.100000000000485 1.9352414115464383 3.1870178985113324 5401.2740595398955 -1.2740595398959036 1088.6076462389228 15.245510406036882 -1041900.0
53.200000000000486 1.9418381089045786 4.058362093253012 5401.973210718984 -1.973210718984048 1091.9281013868872 15.840568773167114 -1041900.0
53.30000000000049 1.9468114132897005 4.921077542932031 5401.745985086584 -1.7459850865839435 1095.2248357187334 15.248681887149846 -1041900.0
53.40000000000049 1.948458479694804 5.792431290297014 5400.821493686681 -0.8214936866811089 1097.1226179999785 13.761671153765143 -1041900.0
53.50000000000049 1.9495038718499074 6.685444469230034 5400.268221655193 -0.268221655192765 1097.848855635298 13.910020083734713 -1041900.0
53.60000000000049 1.9477637639809313 7.576325563869472 5399.778406237036 0.2215937629640574 1097.6503560050833 12.982433281022434 -1041900.0
53.70000000000049 1.9503073537239946 8.480726196846819 5400.1819064151205 -0.1819064151208981 1097.812706388492 16.19157065528119 -1041900.0
53.800000000000495 1.9461369788233114 9.338466342042034 5399.66798718439 0.3320128156100501 1097.4220286513084 12.773138887270534 -1041900.0
53.900000000000496 1.9420305092353025 10.245961573236109 5398.491633960753 1.508366039247774 1095.1559674681898 13.268798172579956 -1041900.0
54.0000000000005 1.936355420519457 11.146269681874866 5398.458264290959 1.5417357090407084 1092.3441146535104 13.038028066719091 -1041900.0
54.1000000000005 1.9325544793676277 12.04995802232371 5398.5774873559185 1.422512644081152 1089.6860983973668 14.54625526374808 -1041900.0
54.2000000000005 1.9291745423828313 12.931728069518103 5398.989676579985 1.0103234200154807 1087.6594073374747 15.463033379646651 -1041900.0
54.3000000000005 1.9245709495363534 13.80018403484076 5398.752771850791 1.2472281492093042 1085.4736857451521 15.366547039560453 -1041900.0
54.4000000000005 1.9204221039663274 14.670066259048081 5398.633678925852 1.3663210741476695 1083.019714616413 16.39455939472179 -1041900.0
54.500000000000504 1.9146374047714183 15.525015387947224 5398.444362136188 1.55563786381171 1080.248500730864 15.982452820968446 -1041900.0
54.600000000000506 1.9041657024321572 12.702285317411365 5393.753794844929 6.246205155071153 1070.7880072131125 13.981748941990665 -1036698.5315868524
54.70000000000051 1.9006617935305345 10.392778896063843 5390.984143760667 9.015856239332285 1055.436274786143 15.731616093520833 -1025389.5379117992
54.80000000000051 1.896765624883423 8.503182733143145 5398.103140298199 1.8968597018008215 1048.940876420829 13.82743526133859 -1021619.3136577611
54.90000000000051 1.8982047304381398 6.9571495089353 5397.503282059042 2.496717940957575 1044.618732328456 15.632217589451693 -1017435.169547103
55.00000000000051 1.8962632975759006 5.692213234583427 5401.521992323692 -1.5219923236922726 1045.7046111055722 12.812851480939075 -1018979.6429804063
55.10000000000051 1.9010169045500593 4.657265373750077 5398.934927226294 1.0650727737058543 1044.8492483126663 15.856047996334437 -1016896.3388278136
55.200000000000514 1.9062116611613829 3.810489851250063 5405.433332172784 -5.433332172783999 1052.0532224880676 15.449033211292468 -1022001.0987477034
55.300000000000516 1.9123116657340793 3.1176735146591423 5404.905018075183 -4.90501807518319 1061.2681257972613 15.587363067601892 -1027594.2113133522
55.40000000000052 1.9136660674574184 2.5508237847211164 5404.67822967278 -4.678229672780132 1069.939479070086 12.675153172628574 -1034181.4744720691
55.50000000000052 1.9200905978892975 2.0870376420445496 5401.328521927549 -1.3285219275490976 1073.7949358472617 15.068633999649037 -1035646.9188562897
55.60000000000052 1.9265599020517354 2.961268979575549 5406.227642313587 -6.227642313587182 1083.1329771643866 14.8933303708701 -1041900.0
55.70000000000052 1.9326404511901356 3.8377258779812835 5401.11051838314 -1.1105183831395216 1087.3382179071912 15.215175695201559 -1041900.0
55.80000000000052 1.9368422756889345 4.70952871836397 5401.435560084637 -1.4355600846365233 1089.831781860895 14.55469070350631 -1041900.0
55.900000000000524 1.9379427783237833 5.590967710985576 5400.673083887862 -0.6730838878621491 1091.3888345347789 13.350273976243232 -1041900.0
56.000000000000526 1.9384979129992548 6.489954859214886 5400.115606425734 -0.11560642573372239 1091.837111557091 13.517207648227826 -1041900.0
56.10000000000053 1.940670054807437 7.386539464316154 5400.461388840844 -0.46138884084396903 1092.5362255583514 14.969123642791986 -1041900.0
56.20000000000053 1.936876941494092 8.26202788370161 5399.599293920299 0.40070607970108046 1092.1672595605705 12.37425899502626 -1041900.0
56.30000000000053 1.9368549990806414 9.175290528180904 5399.334716862115 0.6652831378850242 1091.059976241497 14.783291894465222 -1041900.0
56.40000000000053 1.9354705075910037 10.053531839181424 5399.881326757222 0.1186732427777245 1090.6106855919602 14.586204561856317 -1041900.0
56.50000000000053 1.9317449817828012 10.93466492805938 5399.088446820445 0.9115531795547344 1089.2759897070298 13.8675849466292 -1041900.0
56.600000000000534 1.9299060117923375 11.826276120442522 5399.129775050015 0.8702249499845215 1087.6633442043703 15.601533815295275 -1041900.0
56.700000000000536 1.927023703256222 12.692685799367567 5399.318343695196 0.6816563048037935 1086.3339150921083 15.608622633065966 -1041900.0
56.80000000000054 1.918896465463296 13.559015713908607 5398.091317287156 1.9086827128440886 1083.355558876474 13.347924893924246 -1041900.0
56.90000000000054 1.9087454803878388 11.093740129561589 5396.546837009147 3.453162990853296 1077.680770752116 12.96033001478667 -1041315.8788533777
57.00000000000054 1.9043480453720856 9.0766964696413 5390.545464364195 9.454535635804525 1062.8951889331454 14.077694565511564 -1030327.8725572032
57.10000000000054 1.9055358413249277 7.42638802061561 5398.16649226348 1.8335077365199444 1056.303053422808 16.044311634400568 -1025585.9299536502
57.20000000000054 1.9073080623028986 6.076135653230954 5402.218202303411 -2.2182023034107843 1058.6510931880293 15.127656119000001 -1026865.703079899
57.300000000000544 1.9108117512191658 4.971383716279871 5401.942230863803 -1.9422308638027164 1062.3282142517735 15.35107500957329 -1028776.6397918505
57.400000000000546 1.9108021218384237 4.067495767865349 5402.748820524266 -2.74882052426626 1067.0248082567168 12.836559996433866 -1032559.7979433037
57.50000000000055 1.915876469106563 3.327951082798922 5400.321284644183 -0.32128464418252456 1068.6429982226591 15.08405071094801 -1032549.3909669244
57.60000000000055 1.9211105335433034 2.7228690677445724 5405.491221435593 -5.4912214355924105 1076.5163539145422 14.790675648515151 -1038040.7719709981
57.70000000000055 1.9266686617564295 3.6010277847551024 5403.603288497993 -3.603288497993606 1083.9216652969064 14.693889837087442 -1041900.0
57.80000000000055 1.9309932257680718 4.480404624734914 5400.915100355727 -0.9151003557276257 1086.7388360212756 14.46729912279527 -1041900.0
57.90000000000055 1.935761875178183 5.363105440255357 5401.372352230258 -1.3723522302582676 1089.0604828645382 15.33204941410788 -1041900.0
58.000000000000554 1.9381333682169064 6.233253315893813 5401.041770536477 -1.041770536476973 1091.1102148960636 14.363778599319488 -1041900.0
58.100000000000556 1.9381188032615142 7.117514138012427 5400.180028961311 -0.18002896131100352 1091.8055864100172 13.563949913731975 -1041900.0
58.20000000000056 1.9379995057249695 8.013436523696104 5399.891026411551 0.1089735884489858 1091.7283749034884 14.001266647745968 -1041900.0
58.30000000000056 1.9380302972512677 8.903022296696335 5399.995819399846 0.004180600153346169 1091.67627963637 14.64934282261041 -1041900.0
58.40000000000056 1.9330859931157227 9.783205144933026 5399.077375961958 0.9226240380424102 1090.374529792303 12.625802688192994 -1041900.0
58.50000000000056 1.9292848718213944 10.692849916462574 5398.525422816765 1.474577183234702 1087.9056579489954 13.658915720331873 -1041900.0
58.60000000000056 1.9236973845474803 11.587488704971456 5398.553304058563 1.4466959414368534 1085.2420426418194 13.326325898812108 -1041900.0
58.700000000000564 1.9170624093969846 12.486988919291045 5398.037980872774 1.9620191272264569 1081.864158612388 13.363657530011041 -1041900.0
58.800000000000566 1.9112375945372957 10.216627297601764 5396.336870649211 3.6631293507887985 1075.8709132471827 14.320974465989286 -1039326.2780146963
58.90000000000057 1.905548815755314 8.359058698037806 5394.341041304455 5.658958695544807 1066.3442736004256 12.937946130052724 -1033020.081576122
59.00000000000057 1.9017845407222016 6.839229843849115 5395.32648015612 4.673519843880487 1057.359885653487 12.756412034628955 -1026879.6865932484
59.10000000000057 1.90440812251356 5.595733508603821 5398.205362865384 1.7946371346156964 1052.8496695170081 15.229112055689457 -1022826.6394425113
59.20000000000057 1.907297308424498 4.578327416130399 5403.507010183477 -3.5070101834774454 1057.030120720451 14.586753743980305 -1025650.6400186422
59.30000000000057 1.9113326555451635 3.7459042495612356 5402.817021267795 -2.8170212677949427 1062.4862760045685 14.691544141442709 -1028765.038826159
59.400000000000574 1.914017111683255 3.0648307496410108 5403.515844469212 -3.5158444692121513 1068.6345178792333 13.550818672755437 -1033122.8446993608
59.500000000000576 1.920450413960408 2.507588795160827 5402.882431790077 -2.8824317900768532 1074.1865823263977 15.419504337324062 -1036026.9132792524
59.60000000000058 1.9280007095264962 3.376706321307335 5405.930721223629 -5.930721223629054 1083.7651196094835 16.006654429114228 -1041900.0
59.70000000000058 1.9305105347548008 4.236978819978278 5400.623601197744 -0.6236011977441599 1087.1583994959237 13.396100329310446 -1041900.0
59.80000000000058 1.9334156508122877 5.1352566079183815 5400.6239139665195 -0.6239139665195411 1088.3019011825934 14.02128314553146 -1041900.0
59.90000000000058 1.9368413155642896 6.024466261195266 5401.046741599436 -1.04674159943654 1090.0412996180037 14.861449269018765 -1041900.0
60.00000000000058 1.9362585198208184 6.901480129675575 5400.3061337633235 -0.30613376332373543 1090.9164605286878 13.174446949800767 -1041900.0
60.100000000000584 1.9341931646002855 7.803061997006555 5399.391344058609 0.6086559413905387 1090.188665022918 12.910687900496498 -1041900.0
60.200000000000585 1.9335780802843006 8.70850592636991 5399.59644462963 0.4035553703700204 1089.361985386917 14.130014126474107 -1041900.0
60.30000000000059 1.9342887211833688 9.596236292781763 5400.12444866568 -0.12444866567927852 1089.3662260798221 15.608765728177458 -1041900.0
60.40000000000059 1.9304304291562067 10.462479052696878 5399.400115016903 0.5998849830964619 1088.5737543728872 13.52062453430609 -1041900.0
60.50000000000059 1.9221410346866088 11.359123735548314 5397.813831081316 2.1861689186844244 1085.2390911336279 11.975551672394543 -1041900.0
60.60000000000059 1.913852091912035 12.278268170184974 5397.316260234372 2.6837397656285757 1080.5307661823351 12.47461239359333 -1041900.0
60.70000000000059 1.9068953264464223 10.045855775605888 5393.621119851348 6.378880148651448 1070.4050183922584 13.601375902936024 -1035848.2758437052
60.800000000000594 1.9003035288410974 8.219336543677544 5393.712073257316 6.287926742684377 1058.8406844287879 12.413270273382517 -1028331.4394873631
60.900000000000595 1.9015653690101824 6.724911717554354 5395.709122969466 4.290877030533783 1050.1287577538676 15.318496042560724 -1021234.2102880924
61.0000000000006 1.9022875108600381 5.502200496180835 5402.409900083323 -2.4099000833229143 1051.7049751103234 14.010207662989297 -1022590.9011206054
61.1000000000006 1.9030804817515823 4.501800405966138 5400.545842881373 -0.5458428813728592 1053.4958653655065 13.395812675624516 -1023367.7304798696
61.2000000000006 1.905852544517204 3.683291241245022 5401.022898513563 -1.0228985135626094 1055.1685667528186 13.891137157410611 -1024221.0925027404
61.3000000000006 1.9118334523471237 3.013601924655018 5403.435402032574 -3.4354020325735255 1060.4427571864653 15.398259808690556 -1027207.064983996
61.4000000000006 1.914334027509369 2.465674301990469 5405.271850238507 -5.271850238506726 1069.3274046343322 13.143721740744695 -1033664.3018824239
61.500000000000604 1.9157490697969433 2.0173698834467473 5401.402669811924 -1.4026698119238379 1073.53903090046 12.46865244730541 -1036370.0246393323
61.600000000000605 1.9182831182866886 1.6505753591837025 5401.270417949511 -1.2704179495112555 1075.9237817915769 12.793597384572552 -1037902.7241553969
61.70000000000061 1.9239353219444881 1.3504707484230294 5403.109847653158 -3.109847653158134 1080.8442143454695 14.155418071002769 -1040650.302474367
61.80000000000061 1.9295309619825685 2.237686113725419 5402.3217640204475 -2.3217640204472403 1085.4341552552187 14.002218252957057 -1041900.0
61.90000000000061 1.9354659709012498 3.1270880217774124 5401.585398752795 -1.5853987527949642 1088.6524100425765 14.695882623826687 -1041900.0
62.00000000000061 1.9418551639703359 4.006426804862728 5401.913988382554 -1.9139883825533919 1092.0214287447793 15.622572568904552 -1041900.0
62.10000000000061 1.944859031600204 4.87231226446167 5401.331416797816 -1.3314167978160807 1094.7089260871048 13.99863372547417 -1041900.0
62.200000000000614 1.9480929502822981 5.761849778861326 5400.831915500595 -0.8319155005948186 1096.445615749717 14.626721510409682 -1041900.0
62.300000000000615 1.950351855271873 6.642276814585814 5400.814759152113 -0.8147591521125681 1097.9463435672958 14.58611750450007 -1041900.0
62.40000000000062 1.950922853448552 7.523320988062809 5400.338463321111 -0.33846332111055666 1098.7686962672362 14.139149676415899 -1041900.0
62.50000000000062 1.949676365201206 8.41089338182562 5399.768825658482 0.2311743415184954 1098.5864800681875 13.673435124403612 -1041900.0
62.60000000000062 1.9500775345968908 9.305265981922133 5399.868972828495 0.13102717150477122 1098.3038448627335 15.214646347422 -1041900.0
62.70000000000062 1.9501248380875382 10.177242320643535 5400.120850662139 -0.12085066213912785 1098.4185679249695 15.680176005649052 -1041900.0
62.80000000000062 1.944950969805014 11.042470993353618 5399.014225439063 0.9857745609372908 1097.080852249356 13.245803024651114 -1041900.0
62.900000000000624 1.9423860303793905 11.943137993082546 5398.72231447714 1.2776855228599557 1094.862624933809 15.23542542241836 -1041900.0
63.000000000000625 1.9352030765848658 12.814883730774532 5398.4507617846575 1.549238215342829 1092.1380096266982 13.33878711225119 -1041900.0
63.10000000000063 1.930340315603909 13.714243781886733 5398.082462375869 1.9175376241313886 1088.7793221109916 15.130497456851197 -1041900.0
63.20000000000063 1.924344893933543 14.587560649618311 5398.390482994864 1.6095170051353698 1085.698476698124 15.125983265269841 -1041900.0
63.30000000000063 1.9138206515093006 15.460965154972987 5397.277792726762 2.722207273238444 1081.180451439954 12.576459546114876 -1041900.0
63.40000000000063 1.9052133507091054 12.649880581341534 5392.845436232812 7.154563767187844 1069.945455208133 14.9038324801253 -1035814.2426813772
63.50000000000063 1.8989704702081478 10.349902293824892 5392.417055528735 7.582944471265639 1056.2275514108321 14.13574371793772 -1026518.1614344772
63.600000000000634 1.8961676331417867 8.46810187676582 5395.570195040313 4.429804959687222 1046.770787766816 14.356689042208325 -1019801.9258531383
63.700000000000635 1.8973444237810746 6.928446990081125 5398.874872034514 1.1251279654858326 1043.3072451605392 15.406025213635228 -1016793.7387731958
63.80000000000064 1.8972785867413844 5.66872935552092 5401.48423702134 -1.484237021340272 1044.9214808662414 13.681346289638116 -1018056.2059017475
63.90000000000064 1.8998093724628582 4.638051290880753 5400.175097244502 -0.1750972445013647 1045.797509380792 14.347691645501587 -1017985.5548980484
64.00000000000064 1.899895388539739 3.7947692379933438 5402.220344673396 -2.220344673396076 1049.000216257276 12.65287812764546 -1020703.154300115
64.10000000000063 1.9009051717715972 3.104811194721827 5399.829871922884 0.1701280771158172 1049.7019319381395 12.704217624031639 -1020795.5834351832
64.20000000000063 1.9046155591967473 2.5403000684087673 5401.539045884649 -1.5390458846486375 1051.7983132849124 13.6699030780052 -1021880.9655008321
64.30000000000062 1.9110553141379598 2.0784273286980826 5404.309163916834 -4.309163916833839 1058.5224806988224 14.953683514350585 -1025874.089132951
64.40000000000062 1.9109567680936432 1.7005314507529767 5405.009156828358 -5.009156828358149 1067.4074681707166 11.695448071325192 -1032823.046592928
64.50000000000061 1.9125967136232784 1.3913439142524355 5399.048822164181 0.9511778358194515 1068.1911410952707 12.265655881759637 -1032716.5316210767
64.6000000000006 1.918889536354849 1.1383722934792655 5402.643583282797 -2.6435832827978087 1071.5126505383455 14.305485976613081 -1034489.8062386134
64.7000000000006 1.923520061176093 0.9313955128466719 5406.250048753503 -6.250048753502534 1081.439848543937 13.40113380484088 -1041308.3585126457
64.8000000000006 1.9306470028713998 1.8295350829284578 5401.299145165089 -1.2991451650883872 1085.9203647530314 14.587622282517318 -1041900.0
64.90000000000059 1.9360366718643969 2.7104091808345085 5401.820340369399 -1.8203403693989864 1089.0360618835123 14.166819808364512 -1041900.0
65.00000000000058 1.9401123435521177 3.597433311224423 5401.376768510431 -1.3767685104314864 1091.7477530313354 13.911341553454445 -1041900.0
65.10000000000058 1.9455128831904118 4.488201775179766 5401.439534169607 -1.4395341696074442 1094.3598065247352 15.23343476268175 -1041900.0
65.20000000000057 1.9437428782619195 5.35976425916883 5400.343722440209 -0.3437224402089705 1095.4544739309033 11.98343676162192 -1041900.0
65.30000000000057 1.947522392122029 6.278633023482067 5400.24577773451 -0.2457777345094214 1095.9465130734754 15.311660311300978 -1041900.0
65.40000000000056 1.949524984787922 7.149109840736476 5401.028838610702 -1.0288386107021952 1097.500356435387 14.754433200822891 -1041900.0
65.50000000000055 1.946960439342435 8.0277194056206 5399.683918472868 0.3160815271325182 1097.491225134595 12.829001100684462 -1041900.0
65.60000000000055 1.9459415736669914 8.934364761099138 5399.335616745096 0.6643832549040695 1096.4210905609311 14.080715588756691 -1041900.0
65.70000000000054 1.9442127162219673 9.822825183606902 5399.623812003939 0.37618799606104064 1095.6093431744016 14.253335537701135 -1041900.0
65.80000000000054 1.9421561570897512 10.708798859272019 5399.3885135923765 0.6114864076232503 1094.5882551157306 14.65429075987029 -1041900.0
65.90000000000053 1.9364639054809096 11.588963640592246 5398.671365009145 1.3286349908546997 1092.456938176784 13.301307179550689 -1041900.0
66.00000000000053 1.9308595922172842 12.488834450731002 5398.150232083479 1.8497679165209298 1089.2872739462837 13.881345552279816 -1041900.0
66.10000000000052 1.9248827424894928 13.380289570176144 5398.230440152946 1.7695598470538483 1086.00966252518 14.27373837964807 -1041900.0
66.20000000000051 1.9143585000652503 14.266058503292584 5397.309056865945 2.690943134054982 1081.4678302741456 11.662932851552117 -1041900.0
66.30000000000051 1.9059433754714095 11.672229684512114 5393.278081851111 6.7219181488887045 1070.855687713522 14.18979994137489 -1036396.5224031429
66.4000000000005 1.901994648240276 9.550006105509912 5392.931160601268 7.068839398731908 1058.0455997055801 14.689483800233223 -1027304.9785623474
66.5000000000005 1.8965792899264458 7.813641359053564 5397.054354015601 2.9456459843988183 1050.8979966084996 12.633133605687876 -1023052.6539391194
66.60000000000049 1.892197462299805 6.392979293771098 5395.151319982016 4.848680017984847 1042.8172525657742 12.154000511253171 -1017235.2772421504
66.70000000000049 1.8884839389264045 5.2306194221763525 5396.4128756021 3.5871243979002867 1035.707153961507 11.751362270510384 -1012540.2976352049
66.80000000000048 1.8925168154626002 4.279597709053379 5398.300954189403 1.699045810597135 1031.7922576696658 14.88439281698227 -1008569.884968469
66.90000000000047 1.8922534639928947 3.5014890346800382 5404.096865472126 -4.096865472126644 1036.844345696199 12.302988821606133 -1012882.1068175008
67.00000000000047 1.8934271079571268 2.864854664738213 5399.268478894584 0.7315211054154916 1037.5507034188504 12.600981959583486 -1012600.2330396513
67.10000000000046 1.8932741736181358 2.3439719984221745 5400.98378736904 -0.9837873690402941 1038.626694873132 11.82429098964219 -1013856.7250779402
67.20000000000046 1.8976302427166662 1.9177952714363247 5400.508406321714 -0.5084063217138579 1039.7601652248998 13.576387688406548 -1013692.9508872122
67.30000000000045 1.8969668832942694 1.5691052220842656 5403.694290135028 -3.6942901350278077 1045.1809843055607 11.341263124100182 -1018362.9521670201
67.40000000000045 1.901468354542853 1.28381336352349 5399.492851192902 0.507148807097922 1046.0327906536115 13.343252398823068 -1017651.0931659314
67.50000000000044 1.9013508545067874 1.0503927519737646 5404.010480093498 -4.010480093497716 1051.4685260111405 11.3813112657878 -1022486.5622611316
67.60000000000043 1.903191393622788 0.8594122516148983 5399.485842113362 0.5141578866380799 1052.4445211085103 12.056462555158152 -1022360.1983428476
67.70000000000043 1.904417919981662 0.7031554785940077 5401.822826109316 -1.8228261093165807 1054.7948801526027 11.769743709302809 -1024340.4795588856
67.80000000000042 1.9070585979945214 0.5753090279405517 5401.289169069309 -1.2891690693090463 1057.3841976416093 12.26802640036604 -1025661.1932242907
67.90000000000042 1.9111087947881045 0.470707386496815 5402.847486756333 -2.847486756332579 1061.942914166669 12.803124738105808 -1028507.5419210698
68.00000000000041 1.9174586819800874 0.3851242253155759 5404.314203294381 -4.314203294380499 1069.228960993136 13.803122957364906 -1032880.8542560495
68.1000000000004 1.9213982213736365 0.3151016388945621 5405.662440467116 -5.662440467115578 1079.0365618081194 12.764260517004294 -1039755.9970201101
68.2000000000004 1.9251328425988625 1.2225756027522914 5401.621922074768 -1.6219220747681748 1083.7227247695246 12.677027539811776 -1041900.0
68.3000000000004 1.9309035442623383 2.1312255040290218 5401.217292603003 -1.2172926030031828 1086.1255850068578 14.030738450149615 -1041900.0
68.40000000000039 1.9307010348877858 3.020210142559918 5400.741386055629 -0.7413860556289831 1087.6863300229122 11.750184842150015 -1041900.0
68.50000000000038 1.9282124559289038 3.942398526413916 5399.29123379713 0.7087662028700623 1087.0020261306552 11.133917827368439 -1041900.0
68.60000000000038 1.9287189593823895 4.873577763923672 5399.727226813452 0.2727731865478236 1086.317171840792 12.710035025826489 -1041900.0
68.70000000000037 1.930122780190379 5.78185402472839 5400.446910351848 -0.44691035184740624 1086.8312126954488 13.55539524753648 -1041900.0
68.80000000000037 1.9323903468070298 6.677858441135463 5400.620526214786 -0.6205262147862755 1087.895024121266 14.531783806283094 -1041900.0
68.90000000000036 1.9311210541789696 7.55968485626481 5400.048033871417 -0.048033871417294614 1088.2258069611623 13.164173237184327 -1041900.0
69.00000000000036 1.9241644645720817 8.461432423613612 5398.406800658716 1.5931993412843097 1086.0013554507739 11.087965431730616 -1041900.0
69.10000000000035 1.9232558437847054 9.393407725986716 5398.818524537161 1.181475462839719 1083.6611400029283 14.351846917120305 -1041900.0
69.20000000000034 1.9214821375861288 10.277925116476286 5399.795667797733 0.2043322022669834 1082.87229033369 14.47126003621887 -1041900.0
69.30000000000034 1.9150738313056925 11.16072969685738 5398.548226076856 1.4517739231442763 1080.7401040222185 12.6979004240781 -1041900.0
69.40000000000033 1.9057086184067509 9.131506115610584 5394.090471327957 5.909528672043286 1071.7980259798962 11.868989143529937 -1037171.2000007072
69.50000000000033 1.9020458854034417 7.47123227640866 5391.892994308458 8.10700569154218 1057.869614803567 13.225484489710878 -1027051.9256626902
69.60000000000032 1.9036255701093925 6.112826407970721 5398.777594292736 1.2224057072643515 1052.7098747488176 14.993624628307675 -1023107.7739909498
69.70000000000032 1.9051151629263454 5.001403424703318 5402.34068573239 -2.3406857323894954 1055.4896009258741 14.089101249343418 -1024807.9000000947
69.80000000000031 1.9058365736297858 4.092057347484532 5401.107435953612 -1.107435953612513 1058.0424289350474 13.142534070796852 -1026412.3581185584
69.9000000000003 1.9066381076757644 3.3480469206691628 5400.488306669941 -0.48830666994105837 1059.2000058773258 12.780172822154093 -1027189.8492348559
70.0000000000003 1.911394885440727 2.739311116911133 5401.477912091356 -1.4779120913562858 1061.489426042102 14.407747507869786 -1028054.0374657934
70.10000000000029 1.9154516472848062 2.241254550200018 5404.837278153716 -4.83727815371632 1068.9317856874234 13.7728016001834 -1033190.1194075607
70.20000000000029 1.9209272833963653 1.833753722890924 5403.7850754684305 -3.7850754684305765 1076.315962959618 14.330664023201736 -1037580.4777007428
70.30000000000028 1.9191756684314696 2.718605267232638 5402.696731521418 -2.6967315214178664 1081.72052967191 11.033403476962167 -1041900.0
70.40000000000028 1.9237408094249517 2.224313400463067 5399.6420982330765 0.3579017669235854 1082.3596602473963 14.106587688693832 -1041618.9276534641
70.50000000000027 1.9217991417096687 3.1122094159410008 5400.630047185409 -0.6300471854094725 1083.095646382462 11.082648149164303 -1041900.0
70.60000000000026 1.9255403765817674 4.0441074309867675 5400.235522120417 -0.23552212041670134 1083.694637056743 13.87136055122868 -1041900.0
70.70000000000026 1.9294409796480354 4.935462864041825 5401.3691666700215 -1.369166670021556 1085.7236542738601 14.45971810159655 -1041900.0
70.80000000000025 1.9283441365661225 5.818286224145003 5400.254985646885 -0.25498564688479874 1086.66345571841 12.42340573866241 -1041900.0
70.90000000000025 1.9306154327561493 6.730759378995127 5400.1084567342905 -0.10845673429037798 1086.924385171304 14.549441874816331 -1041900.0
71.00000000000024 1.9245607671940927 7.61232950155255 5399.251993628224 0.7480063717761105 1085.9164298488108 11.096908071316436 -1041900.0
71.10000000000024 1.9197524810579716 8.544150552902398 5398.085948120792 1.9140518792079853 1082.9023760493737 12.017116134350733 -1041900.0
71.20000000000023 1.9159095605235015 9.462608322841486 5398.769010831953 1.2309891680466796 1080.3563543148118 12.910483721817107 -1041900.0
71.30000000000022 1.9109763790726586 7.742134082324853 5396.06329187897 3.9367081210301786 1074.2875931650285 12.888045087970271 -1038076.6307929949
71.40000000000022 1.911533602771538 6.33447334008397 5396.3586636367845 3.64133636321513 1067.4877859859416 14.63786926295615 -1032737.7280044681
71.50000000000021 1.91104546980511 5.182750914614157 5401.309889290242 -1.309889290241289 1067.7894933778884 13.271439943364038 -1033340.0900675954
71.60000000000021 1.9107997604740978 4.240432566502492 5399.422048059737 0.5779519402633948 1067.5305521531195 12.826980023059438 -1032812.4059509928
71.7000000000002 1.9150129501025206 3.469444827138403 5400.6124087131875 -0.6124087131875853 1068.148384407329 14.637360267198211 -1032546.8389247616
71.8000000000002 1.9193609478695868 2.8386366767496023 5404.625362798886 -4.625362798886061 1074.9251818853513 14.328683272905359 -1037105.2566142696
71.90000000000019 1.9211131055348885 2.322520917340584 5403.451503910125 -3.4515039101252407 1081.7495047214456 12.793901975282836 -1041820.0555528939
72.00000000000018 1.9210947446256594 3.2295044809657436 5399.499632802001 0.5003671979991923 1082.5079249973576 11.866397418354483 -1041900.0
72.10000000000018 1.9258665873959384 4.150003218587681 5400.832429568147 -0.8324295681469303 1083.4686625669249 14.500922347527672 -1041900.0
72.20000000000017 1.9237085526147089 5.032202755124027 5400.357205294787 -0.35720529478644586 1084.3249149641736 11.655914281925781 -1041900.0
72.30000000000017 1.9205741358772215 5.9558167314527255 5398.891645024557 1.1083549754425945 1082.9146978487643 11.592147414207464 -1041900.0
72.40000000000016 1.922692875838519 6.880383289956029 5400.0048933659 -0.00489336590004988 1082.4516500917298 14.512381939123246 -1041900.0
72.50000000000016 1.9165440539051644 7.762492787675539 5399.289387460097 0.7106125399027932 1081.4524718101482 11.115246737553504 -1041900.0
72.60000000000015 1.9166229479586587 6.3511304626436225 5396.849809503346 3.1501904966546284 1076.7125536834433 14.42439073983995 -1038764.3060661535
72.70000000000014 1.9184993974339717 5.196379469435691 5401.0673574407865 -1.067357440786103 1076.8807795469295 14.581197280991672 -1038849.828768684
72.80000000000014 1.9148398203912105 4.251583202265565 5400.9952058960835 -0.9952058960837594 1078.7355842094046 11.42986959774638 -1040884.9744535361
72.90000000000013 1.9152726556264976 3.478568074580917 5396.443584390007 3.5564156099926225 1074.1465619148646 12.750589731407917 -1036917.7428773524
73.00000000000013 1.9117785768547957 2.846101151929841 5400.382271177576 -0.3822711775754159 1073.1772617854313 10.849044697299409 -1037386.570876455
73.10000000000012 1.9133460161107272 2.3286282152153244 5397.1550906602215 2.8449093397781864 1069.3308675049757 12.658322325695927 -1033604.9640532441
73.20000000000012 1.916458587969191 1.9052412669943561 5402.564028839056 -2.5640288390558714 1071.7373425791393 13.15596618227452 -1035300.5339993285
73.30000000000011 1.9189035510190857 1.5588337639044731 5402.986007679577 -2.986007679576909 1077.0317756274228 12.718020247075899 -1038671.6632865649
73.4000000000001 1.9237890617776485 1.2754094431945688 5402.499444532898 -2.499444532898476 1081.8195602304177 13.719951808333956 -1041323.5690185422
73.5000000000001 1.9232907161602566 2.168919875401782 5400.601300857883 -0.6013008578830998 1083.7265576211237 11.35354896515557 -1041900.0
73.6000000000001 1.927167407821809 3.096850435678925 5400.405105240932 -0.4051052409319679 1084.5523024693393 13.516177687085806 -1041900.0
73.70000000000009 1.9261308533717514 3.9933468707230406 5400.430413395698 -0.4304133956987521 1085.3305195660341 11.733272219145535 -1041900.0
73.80000000000008 1.9239220880298098 4.915806864919194 5399.284592654675 0.7154073453248518 1084.5050058962474 11.577506088793147 -1041900.0
73.90000000000008 1.925659866977767 5.840558324556554 5400.0286557534655 -0.028655753465551707 1084.2420491384628 13.731043874181305 -1041900.0
74.00000000000007 1.9202970485764925 6.7340067251003175 5399.342922799305 0.6570772006953517 1083.3283774021525 11.004740571527606 -1041900.0
74.10000000000007 1.913351387756305 7.667141276830924 5397.798646125761 2.201353874239506 1079.9480690602538 10.718345571457109 -1041900.0
74.20000000000006 1.910967903689982 6.273115590134393 5394.202316285806 5.79768371419444 1070.8457586642767 13.078783144637917 -1035306.3471405952
74.30000000000005 1.9067706080886908 5.132549119200867 5398.232445912514 1.7675540874863884 1065.8970570601898 11.609439614872457 -1032728.5674223328
74.40000000000005 1.9096539027699806 4.199358370255255 5397.286339472055 2.71366052794431 1061.3240664432224 14.331200074190898 -1028196.930149095
74.50000000000004 1.9070695476726522 3.4358386665724816 5402.77748920282 -2.7774892028202602 1064.0869566661477 11.430598697963932 -1031308.8264215142
74.60000000000004 1.9069228926912376 2.8111407271956668 5397.186124588061 2.813875411939273 1061.299861632721 12.122441726994193 -1028519.3526319539
74.70000000000003 1.908281535603598 2.3000242313419093 5400.530190024662 -0.5301900246624741 1060.853816202808 12.519339230197698 -1028361.1709998526
74.80000000000003 1.9105278223339595 1.8818380074615624 5401.7002767214135 -1.7002767214130663 1063.474306673736 12.718175838042683 -1029827.0649287271
74.90000000000002 1.9155337196991784 1.539685642468551 5402.656029105713 -2.656029105712861 1067.9375690135648 13.851528926649463 -1032252.9631431536
75.00000000000001 1.919516250794624 1.25974279838336 5404.790595711203 -4.790595711203406 1075.8136747114725 13.25040872216619 -1037669.3951729325
75.10000000000001 1.9250876079362769 2.160288090013017 5403.646262237184 -3.6462622371837297 1082.9824707852144 13.92330948037368 -1041900.0
75.2 1.9229080595286816 3.050833485326707 5399.71281391031 0.28718608969027704 1084.1238407734068 10.97348307373203 -1041900.0
75.3 1.9205034002838075 3.9843184853787603 5399.017517140781 0.9824828592186935 1082.617755522739 11.164246252248951 -1041900.0
75.39999999999999 1.9158430281439076 4.915053727552107 5398.867468047473 1.1325319525265956 1080.6054452693204 10.585682982050756 -1041900.0
75.49999999999999 1.915992617559973 4.021407595269905 5396.754624050677 3.245375949322416 1075.5525170088538 12.921019076109125 -1038004.5350002983
75.59999999999998 1.9174414483235755 3.2902425779481046 5401.090319450344 -1.0903194503442941 1075.7127377118761 13.12238681430696 -1038166.6365419329
75.69999999999997 1.9181088645836402 2.6920166546848128 5401.413676987343 -1.4136769873428423 1078.1669040339882 12.482511513922708 -1039737.3069514768
75.79999999999997 1.9169332556278147 2.202559081105756 5400.074625323039 -0.07462532303899122 1078.8714501567833 11.515915645935074 -1040461.2491163197
75.89999999999996 1.9193223287882073 1.8020937936319819 5399.277553427356 0.7224465726442469 1077.8851640728963 12.809867395974154 -1039186.2425272079
75.99999999999996 1.919153010852574 1.4744403766079852 5402.325156060394 -2.3251560603941828 1080.8549916151906 11.63219823187173 -1041778.1314647944
76.09999999999995 1.9193990554459388 1.2063603081338061 5399.474826580331 0.5251734196688924 1081.1008884364844 11.690235496929473 -1041594.3333194406
76.19999999999995 1.9176919301604363 0.987022070291296 5399.898179882105 0.10182011789505806 1080.7347503604306 10.870432900286973 -1041861.4251884243
76.29999999999994 1.9234837411131467 0.8075635120565149 5399.549820096599 0.4501799034007604 1080.057275146551 13.871191464890925 -1040008.9734698957
76.39999999999993 1.9268513898614925 1.6989343363976461 5403.11542120106 -3.1154212010599256 1084.2560273398026 12.720544059458447 -1041900.0
76.49999999999993 1.9288075860619225 2.606965690656458 5400.427273063488 -0.4272730634881828 1086.1789936755067 12.476991074456222 -1041900.0
76.59999999999992 1.9247509841900838 3.5185673966682653 5399.3740005745485 0.6259994254515077 1085.478124263965 10.38728975765453 -1041900.0
76.69999999999992 1.9237773974538817 4.460594921848738 5399.1499364156025 0.8500635843970753 1084.0149609171579 11.90526139273536 -1041900.0
76.79999999999991 1.918378711415206 5.380564943098069 5398.98884919151 1.0111508084904162 1082.2298224682106 10.46162424345706 -1041900.0
76.8999999999999 1.9168559837622325 4.402280407989329 5398.144232799247 1.855767200752751 1079.18631853955 12.401649299429858 -1040754.0217802495
76.9999999999999 1.9174106854505646 3.601865788354905 5399.095171935455 0.9048280645449098 1077.124570503487 12.885366339161811 -1039102.4647107796
77.0999999999999 1.9133797472710083 2.946981099563104 5400.016494802773 -0.01649480277281143 1076.7641645812269 10.691570185046485 -1039703.9447331051
77.19999999999989 1.9158825955912382 2.411166354187994 5396.774015319882 3.2259846801178513 1072.2257459633165 13.129593533012311 -1035337.0377950702
77.29999999999988 1.9180366948523038 1.9727724716083588 5403.345556007048 -3.3455560070480552 1075.5718168728772 12.778456419777706 -1038047.410761288
77.39999999999988 1.9150620634265145 1.6140865676795664 5400.94631233503 -0.9463123350296514 1078.3236866999223 10.596420030347758 -1040382.9549198257
77.49999999999987 1.9177867163045084 1.3206162826469179 5397.413151046128 2.5868489538718156 1075.0800529539695 12.718479033915171 -1037158.4534760886
77.59999999999987 1.916744075924539 1.0805042312565691 5402.786556991122 -2.7865569911220778 1077.909487798019 11.141875768746512 -1040111.7854753834
77.69999999999986 1.9183839561335694 0.8840489164826475 5398.925493360134 1.0745066398659482 1077.5770081066835 12.092355827869167 -1038981.1407129653
77.79999999999986 1.920169088614897 0.7233127498494388 5401.936731807217 -1.936731807217339 1079.8502724077498 12.092975990826895 -1040759.7124910137
77.89999999999985 1.9252953397943848 1.6405071907178372 5401.762843230502 -1.7628432305015567 1083.1552928057865 13.43620838595946 -1041900.0
77.99999999999984 1.9223145319050559 2.538124314398371 5399.9745789395265 0.025421060473362914 1083.8669200613124 10.517791947644533 -1041900.0
78.09999999999984 1.924981882931478 3.478223869157362 5399.862851375789 0.13714862421029514 1083.6628991201592 13.095870931149616 -1041900.0
78.19999999999983 1.928090279462503 4.380844898548926 5401.119167769771 -1.119167769770715 1085.1816554911009 13.730576537449359 -1041900.0
78.29999999999983 1.9294779114843066 5.274259481361129 5400.640541322299 -0.6405413222987647 1086.5587053486029 13.309497674422495 -1041900.0
78.39999999999982 1.9280709630417676 6.173826417241353 5399.820237192556 0.1797628074432846 1086.57700907357 12.43368747416821 -1041900.0
78.49999999999982 1.9275809606899967 7.086160046598651 5399.646044818787 0.3539551812124631 1086.0020667928854 13.271986291645321 -1041900.0
78.59999999999981 1.923293910704713 7.986323705019497 5399.173798073338 0.8262019266624119 1084.6878712813839 11.99716098912226 -1041900.0
78.6999999999998 1.9207612709066748 8.905057613212367 5398.886952329972 1.1130476700278136 1082.76927749741 13.230310683174473 -1041900.0
78.7999999999998 1.9144518111932907 9.80587624353174 5398.582036972953 1.417963027047455 1080.2994353802083 12.004605660132624 -1041900.0
78.89999999999979 1.9102962428733965 8.022989653798696 5394.668521561875 5.331478438124771 1072.1861659374224 13.439921458949787 -1036497.5585314234
78.99999999999979 1.9014105569196025 6.564264262198932 5395.590538567586 4.409461432413538 1063.7126879213868 10.429792895445907 -1032002.7348096415
79.09999999999978 1.8959940694842627 5.370761669071854 5391.940739603101 8.05926039689932 1050.4875783748123 11.178060606207033 -1022424.4035669904
79.19999999999978 1.8910189274217126 4.3942595474224255 5395.905701917279 4.09429808272084 1041.3015859679736 10.8386832947727 -1016607.6050577132
79.29999999999977 1.8931096393827433 3.595303266072894 5397.0403930932525 2.95960690674769 1035.3955174492924 13.392042764561555 -1011279.3907176341
79.39999999999976 1.8971527173543719 2.9416117631505494 5403.401035146719 -3.4010351467190825 1038.9327026425585 14.00373593212179 -1013516.7693815078
79.49999999999976 1.900555408272892 2.4067732607595405 5403.78910099957 -3.7891009995700675 1045.7135848531616 13.413361143039722 -1017850.4888425238
79.59999999999975 1.8980728436401548 1.969178122439624 5401.754058448379 -1.7540584483785484 1049.7916320307447 10.813069884156807 -1021504.9511840579
79.69999999999975 1.9008580351986333 1.6111457365415105 5397.7346800882415 2.26531991175895 1047.3435170571888 12.748311712103618 -1018838.0509893224
79.79999999999974 1.9060799489473443 1.3182101480794177 5403.864417544922 -3.86441754492136 1051.827985735397 13.741111709381633 -1021830.2871501201
79.89999999999974 1.904569556496279 1.0785355757013417 5403.86816443865 -3.8681644386500054 1058.9167424685018 10.896862388661434 -1027452.2102591326
79.99999999999973 1.9078031973148786 0.8824381983010978 5398.2893191647045 1.7106808352955503 1058.146494893558 12.649051955104323 -1025824.533296572
