t ω_g β v_dc err_v i_f_ref_d v_w m_m_ref
0.0 1.5082047005723862 0.0 18769.005536146597 -13369.005536146595 -983.9600795694456 11.501953944429532 -636300.0
0.1 1.5192790911585574 0.0 3237.7561754492253 2162.2438245507747 1637.8967189646694 12.391697868681607 -643279.9052447397
0.2 1.529636243327244 0.0 5200.934194824884 199.06580517511617 440.6216178634021 12.24071868829124 -652761.4929919686
0.30000000000000004 1.540987078999447 0.0 5524.959520843696 -124.95952084369549 532.2856813379198 12.614195036107393 -661691.7740354
0.4 1.5550231452969339 0.0 5394.2976945638175 5.702305436182805 577.233969816065 13.609467878667665 -671548.5250375106
0.5 1.5626477932361782 0.0 5404.664183312292 -4.664183312292442 581.3880265981437 11.625486837815377 -683837.826625313
0.6 1.5743972279756364 0.0 5405.646730225625 -5.646730225625007 591.3218832104614 12.969272708793145 -690560.3059496279
0.7 1.58456039238322 0.0 5407.453655364914 -7.453655364914149 604.2182972352904 12.523703276706003 -700983.8913761437
0.7999999999999999 1.593057054307598 0.0 5405.941503399415 -5.941503399414408 615.7502253997889 12.05737482875367 -710063.1869746131
0.8999999999999999 1.596098140661156 0.0 5404.426172166612 -4.426172166611704 624.5058994238966 10.46851711618391 -717698.5440973581
0.9999999999999999 1.6068813689412365 0.0 5402.286393502631 -2.28639350263047 629.6041248677462 12.875703821100895 -720441.2788631015
1.0999999999999999 1.609486155657014 0.0 5406.811758745783 -6.811758745782625 640.1713237856693 10.402843911164943 -730208.7551329107
1.2 1.6213218356698542 0.0 5401.913321625866 -1.9133216258660273 645.7553796647263 13.347341452472854 -732578.0397891507
1.3 1.6272190452182618 0.0 5408.05068503049 -8.0506850304903 657.9100432420545 11.461801243755076 -743391.975135058
1.4000000000000001 1.6381538700315585 0.0 5403.868244506895 -3.868244506895401 666.773890205198 13.153906002165106 -748809.6670130276
1.5000000000000002 1.646242177875525 0.0 5407.486474430524 -7.486474430524021 678.96246834873 12.251661669472181 -758907.4032171426
1.6000000000000003 1.6579081713453745 0.0 5405.621598642115 -5.62159864211455 690.0575659940116 13.577903470520003 -766420.0435635843
1.7000000000000004 1.6665014643876872 0.0 5407.961238485338 -7.961238485337916 703.6585088441093 12.547539046740724 -777320.9079047723
1.8000000000000005 1.673308519054147 0.0 5405.27571807038 -5.2757180703801 714.467560723058 12.005604429277305 -785399.8325920232
1.9000000000000006 1.6816362277302317 0.0 5404.683031504813 -4.683031504813087 723.302856575181 12.55869745325635 -791829.0839028009
2.0000000000000004 1.690916635825392 0.0 5406.214780402364 -6.214780402364073 734.0450875201527 12.954196488237315 -799730.2338028952
2.1000000000000005 1.6980491847065986 0.0 5406.401177287144 -6.401177287143213 745.69941320834 12.264390899167031 -808581.4968011681
2.2000000000000006 1.7098171648975504 0.0 5405.477113459713 -5.477113459712686 756.1307652428238 14.07760402604605 -815417.32832548
2.3000000000000007 1.717373508334168 0.0 5408.533422946057 -8.533422946056886 770.4766542807362 12.534037270486309 -826758.6557305824
2.400000000000001 1.722358019629789 0.0 5404.539092860892 -4.539092860891986 780.490407450861 11.708028023096452 -834082.3357438007
2.500000000000001 1.7329608975842072 0.0 5404.119734091277 -4.119734091276825 788.2196881584882 13.79709776448177 -838931.0493930462
2.600000000000001 1.7405490419011165 0.0 5408.261374277384 -8.261374277383904 801.6067317700235 12.70401490743353 -849291.8020387975
2.700000000000001 1.7478968837296942 0.0 5405.217617477858 -5.217617477858163 812.4611774899365 12.669550152456692 -856745.7015419465
2.800000000000001 1.7530823828904551 0.0 5405.1324640753255 -5.132464075325268 821.9050891826816 11.957317379323522 -863994.5863677788
2.9000000000000012 1.7585993219849048 0.0 5403.698450525764 -3.698450525763985 829.292370741421 12.103432452810603 -869128.6294916078
3.0000000000000013 1.763074903989789 0.0 5404.100586823279 -4.100586823278357 836.638240598344 11.780636706431137 -874607.5214908149
3.1000000000000014 1.772289887440594 0.0 5404.056245563112 -4.0562455631114815 844.0921394098383 13.566580798641297 -879064.8855098292
3.2000000000000015 1.7776500794179977 0.0 5407.23940592174 -7.239405921740044 856.0123104723292 12.17071834297717 -888278.0366811217
3.3000000000000016 1.7776986245459918 0.0 5402.729636883221 -2.7296368832208042 862.9278769516051 10.42042101290707 -893659.2568129412
3.4000000000000017 1.7795854326382148 0.0 5399.480143343561 0.5198566564383429 863.352764961169 11.024811517520668 -893708.0666387547
3.5000000000000018 1.7832008214991502 0.0 5402.081702073555 -2.081702073554735 866.0654639604777 11.613129468515648 -895606.1954500426
3.600000000000002 1.789102891141198 0.0 5403.515766691231 -3.515766691231404 871.90182090761 12.436344769004885 -899248.902018095
3.700000000000002 1.7978989127637026 0.0 5405.47492447502 -5.4749244750201305 881.1066745699956 13.61264742235128 -905211.4530593934
3.800000000000002 1.8042435225586388 0.0 5407.045615919676 -7.045615919675302 893.3553153782266 12.702266666424093 -914134.1735461805
3.900000000000002 1.8128555996226838 0.0 5405.071869508374 -5.071869508374422 903.4889206654684 13.665374126326792 -920597.337962891
4.000000000000002 1.8149231759711881 0.0 5406.209794025476 -6.209794025476317 914.3889931189153 11.279492222499218 -929406.766213563
4.100000000000001 1.8233980882161382 0.0 5401.736277116054 -1.7362771160545236 919.468360242238 13.699810558932473 -931527.966886753
4.200000000000001 1.8300641683778573 0.0 5407.645757813319 -7.645757813318609 930.9774144984111 13.015454043598874 -940247.9503175837
4.300000000000001 1.8328628087222931 0.0 5404.5855640504 -4.585564050399617 940.6802755582712 11.63163266444917 -947135.3385156164
4.4 1.8422531530475765 0.0 5402.766605768419 -2.766605768419444 946.5227022433438 14.297718380313851 -950034.3821789372
4.5 1.8433922568821928 0.0 5407.505927751787 -7.505927751786939 958.2715952914214 11.128432441618235 -959793.981079605
4.6 1.8452399510865116 0.0 5399.731619689519 0.2683803104809091 961.0759608007115 11.379509446201928 -960981.2696009559
4.699999999999999 1.8521189538188068 0.0 5402.497476622421 -2.4974766224211233 964.4811121100588 13.274933204717001 -962908.6829198507
4.799999999999999 1.860028718107106 0.0 5406.896342972922 -6.896342972921749 975.2569894468123 13.782706193360411 -970101.4582800296
4.899999999999999 1.868501846050911 0.0 5406.979447058973 -6.979447058972978 988.015079773424 14.122902502478626 -978405.0921413987
4.999999999999998 1.8729415166085117 0.0 5406.5990945017975 -6.599094501797044 1000.2724894794605 12.47891079332837 -987339.3992511334
5.099999999999998 1.877453486392503 0.0 5403.153275429597 -3.153275429597209 1007.5134706285249 12.53811375046499 -992036.926687002
5.1999999999999975 1.8776534340966857 0.0 5403.138351161253 -3.1383511612527157 1013.2723961968792 11.002006472546348 -996822.3746608506
5.299999999999997 1.8792722313183947 0.0 5399.719326035919 0.2806739640806538 1014.2075874738607 11.5022449890291 -997034.7079730317
5.399999999999997 1.8875258367303434 0.0 5402.85074120992 -2.8507412099193083 1018.105276077867 14.209108712919372 -998754.6129675694
5.4999999999999964 1.8939851254898386 0.0 5408.065055926787 -8.065055926786842 1030.6776541517154 13.449364506831268 -1007546.770206992
5.599999999999996 1.8952070453530907 0.0 5404.386523059618 -4.38652305961878 1040.2778488556758 11.45919138772511 -1014454.4065971075
5.699999999999996 1.8994565654337012 0.0 5400.66941341294 -0.6694134129404319 1043.080938131787 12.596063523496207 -1015763.7958169945
5.799999999999995 1.9065782420686213 0.0 5404.854714288601 -4.854714288601188 1050.205061851513 13.85805958651283 -1020324.0869944876
5.899999999999995 1.9142109564546794 0.0 5406.98489407766 -6.98489407765981 1062.1051764653025 14.177322638679453 -1027989.4797370152
5.999999999999995 1.9182370655838596 0.0 5406.2303982293 -6.230398229299652 1073.8454026593135 12.646783539286137 -1036236.77406739
6.099999999999994 1.9187419980573452 0.0 5402.303507235463 -2.3035072354629236 1079.7327332033037 11.347858162504716 -1040600.3367697208
6.199999999999994 1.9234056477195016 0.0 5400.6135303623605 -0.6135303623606864 1081.5738845517062 12.940444745742512 -1041148.2378248516
6.299999999999994 1.927700874753003 0.14545454545454548 5401.9805546978 -1.9805546977993882 1084.6246229945466 12.80692407004903 -1041900.0
6.399999999999993 1.9333304275803314 0.4099173553719009 5401.465287669978 -1.4652876699787 1087.5289685134135 13.44137999379082 -1041900.0
6.499999999999993 1.9324474408659806 0.7717505634861008 5400.521390022183 -0.521390022183171 1088.8848890267404 10.989770503257938 -1041900.0
6.5999999999999925 1.936850791119695 1.2132504610340824 5400.495874125548 -0.49587412554738114 1089.8046450390425 13.17809611122847 -1041900.0
6.699999999999992 1.940161794305906 1.7199321953915219 5401.337579797485 -1.3375797974853045 1091.8995456029313 12.903264301077673 -1041900.0
6.799999999999992 1.9452990082907844 2.279944523502154 5401.315205799641 -1.3152057996415358 1094.3198044087599 14.017700966682456 -1041900.0
6.8999999999999915 1.9492847589557738 2.88359097377449 5401.407244106769 -1.407244106768807 1096.8602586142454 13.701513523022388 -1041900.0
6.999999999999991 1.95439427390789 3.506142349180521 5401.385200086448 -1.385200086448479 1099.408677037321 14.649929551050043 -1041900.0
7.099999999999991 1.957718669947454 4.1103569255427495 5401.260051767809 -1.2600517678088439 1101.7714148148182 13.967716741798249 -1041900.0
7.19999999999999 1.9557402882405384 4.6799952512527865 5399.946188683222 0.053811316778000676 1102.2298566190289 11.772584385268896 -1041900.0
7.29999999999999 1.9529881407243221 5.211082205210871 5399.057543413425 0.9424565865750312 1100.8791192902308 11.664173782698686 -1041900.0
7.39999999999999 1.950349045964945 5.704704999149286 5399.165812325477 0.8341876745228697 1099.3041472641203 11.919946692325421 -1041900.0
7.499999999999989 1.9460599475965017 6.168949624418241 5398.896204059587 1.1037959404125446 1097.3952032100813 11.423630093600618 -1041900.0
7.599999999999989 1.9417378131417098 6.506791675439161 5398.625046167485 1.3749538325148556 1094.9898837813325 11.598572853111396 -1041900.0
7.699999999999989 1.9391646964210836 6.742456038496958 5399.014149175814 0.9858508241859173 1093.0178395450687 12.498990486190179 -1041900.0
7.799999999999988 1.937630925290642 6.951556920433826 5399.478647445509 0.5213525544914578 1091.865253046335 13.08632740382726 -1041900.0
7.899999999999988 1.937612806985701 7.140063640259974 5399.853581530287 0.1464184697134197 1091.4378959394048 13.957819268806967 -1041900.0
7.999999999999988 1.9331435507998713 7.314285827760444 5399.2047272022155 0.7952727977848202 1090.2552751361673 11.957580412580844 -1041900.0
8.099999999999987 1.9266623761462045 7.4825058218727145 5398.09072279719 1.9092772028094496 1087.227907891148 11.178523618663371 -1041900.0
8.199999999999987 1.922209169160498 7.637349137888335 5398.339024277327 1.660975722673735 1084.0780595639094 12.11104723557392 -1041900.0
8.299999999999986 1.920113649590459 7.769640785589684 5399.172155613052 0.8278443869479682 1082.2073731162864 13.248930136083112 -1041900.0
8.399999999999986 1.9198532896139422 7.878820635879967 5399.792321579663 0.20767842033755093 1081.5637482019647 14.265304767958826 -1041900.0
8.499999999999986 1.9150913600379504 7.971170149564444 5399.1295739410025 0.8704260589975492 1080.2492622346138 12.160076787739705 -1041900.0
8.599999999999985 1.9119033548695743 6.521866486007273 5395.465805544492 4.534194455508751 1073.4915215977874 12.878025238708796 -1037190.1866101796
8.699999999999985 1.906045567190426 5.336072579460496 5396.866946724602 3.1330532753981055 1067.1545510836156 11.036336308059871 -1033739.8911686416
8.799999999999985 1.9085024749735917 4.365877565013133 5395.8817192262695 4.118280773730777 1060.0234788846603 14.200348730211767 -1027415.1443495338
8.899999999999984 1.9099556559631368 3.5720816441016545 5403.4725954454425 -3.472595445442892 1063.1702148192273 13.21899587630893 -1030065.5439060358
8.999999999999984 1.91447770467529 2.92261225426499 5401.711040750125 -1.711040750125238 1067.0534517050219 14.43017888840417 -1031634.7758704489
9.099999999999984 1.916474639547753 2.391228208034992 5404.063522808989 -4.0635228089887825 1073.5044366209402 12.898406726147469 -1036525.5965444114
9.199999999999983 1.9225375231476156 1.9564594429377204 5402.131383786825 -2.1313837868245873 1078.230490047587 14.77342935701638 -1038689.0624515963
9.299999999999983 1.9225135807177531 1.7461940896763166 5402.7335646766205 -2.7335646766202997 1082.9857894025588 11.746387114462486 -1041900.0
9.399999999999983 1.923173732506588 1.7196133460988046 5399.493265135616 0.5067348643840154 1083.4308314015286 11.950466382519606 -1041900.0
9.499999999999982 1.9293995965422575 1.8433200104444765 5401.270334626499 -1.2703346264987452 1085.0058773077667 14.546719327052106 -1041900.0
9.599999999999982 1.9312018031872866 2.089989099454572 5401.29640289047 -1.2964028904702831 1087.3711308620748 12.470847589273214 -1041900.0
9.699999999999982 1.9332314946042881 2.4372638086446496 5400.414589901097 -0.41458990109754923 1088.5049628582804 12.66354370519692 -1041900.0
9.799999999999981 1.9314734556398223 2.866852207072895 5399.9104236179 0.08957638209966153 1088.5545358539673 11.237349046818546 -1041900.0
9.89999999999998 1.9295623601616174 3.3637881694232776 5399.304375441535 0.695624558464998 1087.5364204650798 11.31298206280802 -1041900.0
9.99999999999998 1.9320260135965315 3.9158266840735907 5400.242697875524 -0.24269787552407251 1087.583436958904 13.373085799491907 -1041900.0
10.09999999999998 1.9350966026728846 4.4556915008644395 5401.031764116756 -1.0317641167555485 1089.1400964986349 13.951339945401278 -1041900.0
10.19999999999998 1.9394144938169442 4.953361642739162 5401.185927256063 -1.1859272560629832 1091.2485359879317 15.019393311554758 -1041900.0
10.29999999999998 1.9426971265861819 5.398113540030713 5401.159070284263 -1.1590702842632779 1093.3844991750295 14.682631785011138 -1041900.0
10.399999999999979 1.9401730541751256 5.790772032331678 5399.86410061203 0.13589938796989756 1093.6844627379076 12.029018796995938 -1041900.0
10.499999999999979 1.93966669609718 6.136120183790356 5399.399159533176 0.6008404668236446 1092.7802571796537 13.104540207733294 -1041900.0
10.599999999999978 1.9416288772344608 6.434083886301597 5400.3972608205295 -0.3972608205293974 1093.0852413178468 14.605718190950373 -1041900.0
10.699999999999978 1.9409640089834368 6.690607159670685 5400.196823208808 -0.19682320880809215 1093.5310038069617 13.35383135284373 -1041900.0
10.799999999999978 1.9404912848899192 6.9187009879355 5399.7284365008045 0.27156349919523903 1093.2318238771302 13.583760368934206 -1041900.0
10.899999999999977 1.9419859425744044 7.128523694616191 5400.23618051232 -0.2361805123196837 1093.4494592953301 14.8301670450165 -1041900.0
10.999999999999977 1.941034007190929 7.323498886528801 5400.069794455428 -0.06979445542747624 1093.6479402202508 13.581840106589677 -1041900.0
11.099999999999977 1.9404730628358284 7.506529848805506 5399.689586002741 0.3104139972592472 1093.2401597472137 13.892535887342774 -1041900.0
11.199999999999976 1.9381750927657118 7.674531455607263 5399.516354315056 0.4836456849440977 1092.4270874422893 13.120209380261679 -1041900.0
11.299999999999976 1.9358699596368227 7.826541939666293 5399.2380208060285 0.7619791939718445 1091.1483929875667 13.201262616005486 -1041900.0
11.399999999999975 1.9291779627992907 7.961744591285291 5398.46934880428 1.5306511957198732 1088.6686262745534 11.327183645298478 -1041900.0
11.499999999999975 1.9233638979657477 8.081514050918875 5397.967416843306 2.0325831566945745 1085.1557204997857 11.758623567272446 -1041900.0
11.599999999999975 1.9219829024557413 8.172275302134375 5399.10393888458 0.8960611154199191 1083.0313551297202 13.858631890782096 -1041900.0
11.699999999999974 1.9194266100327044 8.233790006654992 5399.524060446475 0.4759395535244494 1081.9808263858663 13.318270773958533 -1041900.0
11.799999999999974 1.9151800547233118 6.736737278172265 5398.842002414735 1.1579975852648465 1080.1474094175337 12.564033779750215 -1041891.3389961036
11.899999999999974 1.91737340138303 5.511875954868217 5396.7156966952725 3.2843033047271155 1075.028835085021 15.023242048292149 -1037286.2607604244
11.999999999999973 1.917258488330748 4.509716690346723 5402.701418601125 -2.7014186011244705 1077.4425892928011 13.087428920633961 -1039663.5110216434
12.099999999999973 1.913975245797467 3.6897682011927735 5398.90763912744 1.0923608725596872 1077.0488543102415 11.310450085206869 -1039538.8954123791
12.199999999999973 1.91210574318304 3.01890125552136 5396.688466899616 3.3115331003834805 1071.919743161836 11.558343179182097 -1035981.5911034042
12.299999999999972 1.9143604882167564 2.47001011815384 5399.3837267250165 0.616273274983492 1069.6473240828213 13.035257534644597 -1033958.7599165163
12.399999999999972 1.9165246633571664 2.020917369398596 5402.7678898701615 -2.7678898701617314 1073.2859810412865 12.793790545421214 -1036398.6750975068
12.499999999999972 1.9194249183285592 1.6534778476897605 5402.049416285667 -2.049416285666407 1077.3471938927391 12.96283830286007 -1038743.2868704816
12.599999999999971 1.9216815116260468 1.3528455117461677 5402.597848066248 -2.5978480662481274 1081.8765143232051 12.566658301991536 -1041889.5024360487
12.69999999999997 1.9213447826464516 1.2523281459741373 5399.773052741326 0.22694725867391308 1082.6582332158227 11.4341135830148 -1041900.0
12.79999999999997 1.9240905657907934 1.315541210342476 5400.376877699332 -0.37687769933239446 1083.0930282565043 12.629344594648924 -1041900.0
12.89999999999997 1.9296790519095923 1.512715535734753 5401.513130006409 -1.5131300064084932 1085.3848245800507 13.980944240408087 -1041900.0
12.99999999999997 1.9337251375531963 1.8194945292375253 5401.511562311803 -1.5115623118030659 1088.1561830000985 13.33779490112358 -1041900.0
13.09999999999997 1.9394575678371713 2.215950069376157 5401.48536711725 -1.4853671172494918 1090.8899676885076 14.367489420510088 -1041900.0
13.199999999999969 1.9452191109021109 2.685777329489583 5401.814415408163 -1.8144154081624104 1094.0762746563223 14.628661078639263 -1041900.0
13.299999999999969 1.9510189238095588 3.2156359968551134 5401.764809957493 -1.7648099574929095 1097.3322040194905 14.957088798733395 -1041900.0
13.399999999999968 1.9562372341246697 3.787611858628166 5401.656022516244 -1.6560225162435056 1100.4138191668546 14.923857536099144 -1041900.0
13.499999999999968 1.9548230335048318 4.353279212620509 5400.316381270104 -0.3163812701039079 1101.5617539233183 11.884729166093237 -1041900.0
13.599999999999968 1.9586075995445364 4.8869571666186635 5400.308966291845 -0.30896629184445296 1102.1312330870512 14.702233583317764 -1041900.0
13.699999999999967 1.9606059212210716 5.375361546632919 5401.017890892052 -1.0178908920518732 1103.6964430616943 13.971648837401943 -1041900.0
13.799999999999967 1.960325826574947 5.826268676671245 5400.113813727832 -0.1138137278324744 1104.2883923424401 13.063936142958564 -1041900.0
13.899999999999967 1.9582630043419202 6.25027301040329 5399.487651196746 0.5123488032539661 1103.6147498992564 12.449280276701163 -1041900.0
13.999999999999966 1.9547934224090868 6.557778575391583 5399.048381829775 0.9516181702247011 1102.05668400483 12.015936032020434 -1041900.0
14.099999999999966 1.9552125742441473 6.773416240402584 5399.6313383333 0.3686616666998798 1101.1337536122746 14.019595387969167 -1041900.0
14.199999999999966 1.9574516057002351 6.969553690338919 5400.617894767619 -0.617894767619071 1101.848054793169 15.296284490217266 -1041900.0
14.299999999999965 1.9554073853496683 7.157083342440777 5399.935015554951 0.06498444504945497 1102.018479091565 12.998142969351333 -1041900.0
14.399999999999965 1.9558350506475366 7.342601796165402 5399.678146609449 0.3218533905507825 1101.5374342595778 14.386575850761412 -1041900.0
14.499999999999964 1.9544814838501627 7.518322986588308 5399.890202768159 0.10979723184150877 1101.2462641223196 13.529676389341194 -1041900.0
14.599999999999964 1.9529198743248555 7.681898634207252 5399.485580954174 0.5144190458257183 1100.4748936604503 13.518162755990007 -1041900.0
14.699999999999964 1.9544307468010804 7.830336379956637 5400.094746603976 -0.09474660397631564 1100.390277950023 15.45579906710483 -1041900.0
14.799999999999963 1.9484334514557269 7.963163980757614 5399.15828402825 0.8417159717501037 1099.2444727059133 11.643047825613829 -1041900.0
14.899999999999963 1.948231799003548 8.088776679628923 5398.986805097604 1.0131949023962659 1097.4599935164147 14.50994772042926 -1041900.0
14.999999999999963 1.9468209088475472 8.19066979848274 5399.93025935955 0.06974064045002135 1096.9321343154047 13.909023617357724 -1041900.0
15.099999999999962 1.9472939883843774 8.265102358089399 5399.883858431154 0.11614156884580887 1096.73892081335 15.087469692469794 -1041900.0
15.199999999999962 1.9408530776064534 8.315917724491444 5398.89802195771 1.1019780422906642 1095.136989726572 11.653660357224885 -1041900.0
15.299999999999962 1.935615109181915 8.356616781159579 5398.0112017482015 1.9887982517986207 1091.8675342998565 12.195151018637594 -1041900.0
15.399999999999961 1.9334654738953625 8.385352022149009 5399.039312592238 0.9606874077620327 1089.670675283557 13.652664048115716 -1041900.0
15.499999999999961 1.9332103901610063 8.403820489498523 5399.824202226606 0.17579777339423686 1089.0156447599534 14.713416527718334 -1041900.0
15.59999999999996 1.9341101444818054 8.41698878050983 5400.200861424264 -0.20086142426367545 1089.224120250822 15.496657506398346 -1041900.0
15.69999999999996 1.931666063256387 8.423890191265896 5399.677694299105 0.3223057008952998 1088.8551567621482 13.535882177085176 -1041900.0
15.79999999999996 1.9301876125124584 8.431826600617896 5399.311419944488 0.6885800555115063 1087.7482898467529 14.034086720958497 -1041900.0
15.89999999999996 1.9302043429941607 8.431913250939663 5399.8716474237835 0.128352576216612 1087.275483123327 14.9043223408595 -1041900.0
15.99999999999996 1.9298205201353105 8.422870979272107 5399.987737172134 0.01226282786586367 1087.2037833065478 14.656672066234862 -1041900.0
16.09999999999996 1.9264157245887858 8.416521057355958 5399.292353233698 0.7076467663021141 1086.2015095738134 13.065748442388658 -1041900.0
16.19999999999996 1.9236632767746593 8.419380513700515 5398.973304817548 1.0266951824522565 1084.454853832826 13.368011680235309 -1041900.0
16.29999999999996 1.9225600329691634 8.424490633643114 5399.502445530124 0.49755446987610163 1083.318480827411 14.21482040153116 -1041900.0
16.399999999999963 1.917549666158097 8.426171012575871 5398.988566809471 1.0114331905288951 1081.682408366728 12.32761181310954 -1041900.0
16.499999999999964 1.9150355178275222 6.894139919380258 5397.40061970082 2.599380299179504 1077.5910338524 13.46202075640016 -1039854.6730333609
16.599999999999966 1.9141134497337815 5.640659934038393 5398.042691006148 1.9573089938518569 1073.7310482332105 13.379818754514067 -1037129.7005681739
16.699999999999967 1.9165372460581755 4.6150854005768664 5400.100963087457 -0.10096308745687245 1073.0434062100444 14.440461341308062 -1036131.2084021572
16.79999999999997 1.9205753257773337 3.775978964108345 5403.0810551775485 -3.0810551775483828 1077.4274213042916 14.823405049758543 -1038756.9263913907
16.89999999999997 1.9215459102047512 3.2348918797250095 5402.495296507623 -2.4952965076222733 1082.249661478812 12.828383490477828 -1041900.0
16.99999999999997 1.927610752172711 2.9376388106840987 5400.704137834527 -0.7041378345262148 1084.299797406891 15.35672519461422 -1041900.0
17.099999999999973 1.9335695736332843 2.8398862996506264 5402.018971509988 -2.0189715099881758 1087.4430827063036 15.120835199269447 -1041900.0
17.199999999999974 1.9375732039667417 2.905361517895967 5401.460589483972 -1.4605894839724622 1090.3570972094558 13.925200341427946 -1041900.0
17.299999999999976 1.9416006852978165 3.104386696460337 5401.1410855301065 -1.141085530106341 1092.58417666258 13.985587647711998 -1041900.0
17.399999999999977 1.942104714659286 3.4126800243766393 5400.567593535079 -0.5675935350788566 1093.8677362182714 12.410315636334959 -1041900.0
17.49999999999998 1.9464904603531952 3.8103745653990684 5400.760810272025 -0.7608102720251898 1095.1803775504281 14.469945640474524 -1041900.0
17.59999999999998 1.9495149557359583 4.2812155535083285 5401.2266821174835 -1.226682117483486 1097.231356209301 13.927807945725482 -1041900.0
17.69999999999998 1.94959033405222 4.807204922708831 5400.313439940929 -0.3134399409291967 1098.1931063038835 12.711949748369237 -1041900.0
17.799999999999983 1.9496262534038524 5.3788506662661 5399.902941469283 0.09705853071698936 1098.189249369057 12.923454127303298 -1041900.0
17.899999999999984 1.9520889491431954 5.9779447507727035 5400.475991174517 -0.47599117451642875 1098.8187681169268 14.481790250564238 -1041900.0
17.999999999999986 1.9529448659829391 6.5647248140072625 5400.539758183299 -0.5397581832997539 1099.781107655191 13.921589940568408 -1041900.0
18.099999999999987 1.955457778423759 7.125568772409245 5400.509978453473 -0.509978453473225 1100.7285247658538 15.327134285626125 -1041900.0
18.19999999999999 1.9509257488253278 7.650818473786431 5399.494805459367 0.5051945406332227 1100.2329365223743 11.947589658167427 -1041900.0
18.29999999999999 1.94604816879669 7.95264235606821 5398.295753962407 1.7042460375936919 1097.6174513701762 12.03903403104568 -1041900.0
18.39999999999999 1.9469651850047702 8.242353284672937 5399.604126127126 0.3958738728741159 1096.337064763357 15.209430754495797 -1041900.0
18.499999999999993 1.9449972123166386 8.537983345754347 5399.957879223653 0.04212077634649638 1096.109866067386 13.704581395524746 -1041900.0
18.599999999999994 1.9417768206385682 8.837344456216806 5399.046383425877 0.9536165741232181 1094.7483611052755 13.243886737322281 -1041900.0
18.699999999999996 1.9424603915908136 9.227730819322456 5399.706542338871 0.2934576611290881 1093.9305458333165 15.73395367542926 -1041900.0
18.799999999999997 1.9416193396086538 9.401683298227079 5400.071648638921 -0.071648638921271 1093.9070727172375 14.97342012828196 -1041900.0
18.9 1.9404618156392797 9.398553508239951 5399.622341528176 0.37765847182396606 1093.4053309533401 14.89672951331571 -1041900.0
19.0 1.9366103174279878 9.498016951811994 5399.122934971584 0.877065028415766 1092.009419136249 13.418313411819671 -1041900.0
19.1 1.9353715508762617 9.621654444400116 5399.224992759578 0.7750072404223749 1090.545558362446 14.900427325089293 -1041900.0
19.200000000000003 1.9285196792973445 9.868266938335854 5398.661640672254 1.3383593277460608 1088.3312069997128 12.154617750441735 -1041900.0
19.300000000000004 1.92536121007375 9.924586251556002 5398.4026394435905 1.5973605564093933 1085.5130616207673 14.033572843505207 -1041900.0
19.400000000000006 1.9233981361771169 9.82521114419067 5399.40289634005 0.5971036599503687 1083.9944616879798 14.731807765011702 -1041900.0
19.500000000000007 1.9176772047280342 9.844980743584227 5398.737731280818 1.2622687191825674 1081.9627531108326 12.757386458015855 -1041900.0
19.60000000000001 1.9158425993787367 8.054984244750731 5397.541912423622 2.4580875763781136 1077.9641057787824 14.720122461343458 -1039993.0016416813
19.70000000000001 1.9149237867055702 6.590441654796053 5398.657226957598 1.3427730424014868 1075.0299094296545 14.046956326068425 -1038004.0703900609
19.80000000000001 1.917104786276285 5.392179535742225 5399.932930357718 0.06706964228179088 1074.366072533701 14.910323110118252 -1037008.6831943183
19.900000000000013 1.9179101610991582 4.411783256516366 5402.251686258503 -2.251686258502899 1077.5102609436044 13.46838479429918 -1039372.2273701407
20.000000000000014 1.9196918123824402 3.609640846240663 5400.653893624083 -0.6538936240830702 1079.3863120335427 13.476631495664682 -1040245.6903742044
20.100000000000016 1.924766296823645 3.098797056015088 5402.1938293905905 -2.1938293905909205 1082.7546685414966 14.903592584516177 -1041900.0
20.200000000000017 1.9292075329956286 2.826288500375981 5401.345148775226 -1.3451487752264395 1085.5801668274012 14.256549793250493 -1041900.0
20.30000000000002 1.93475278674652 2.748781500307621 5401.524793622128 -1.5247936221272689 1088.2989441216746 14.787756176482386 -1041900.0
20.40000000000002 1.9402470270525936 2.830821227524417 5401.728975488366 -1.7289754883655184 1091.3815830805634 14.73970911737795 -1041900.0
20.50000000000002 1.9435854366451775 3.043399186156341 5401.264054990546 -1.2640549905460496 1093.8957221693097 13.603177888501703 -1041900.0
20.600000000000023 1.944359762479955 3.3627811523097333 5400.4521149741295 -0.45211497412964846 1095.0687114838502 12.509162381171066 -1041900.0
20.700000000000024 1.9482552140238805 3.7695482155261453 5400.735680790011 -0.7356807900110414 1096.2969824660065 14.169859915732673 -1041900.0
20.800000000000026 1.9502539415594187 4.247812176339574 5400.950512187065 -0.9505121870651304 1097.948182792546 13.388366347166372 -1041900.0
20.900000000000027 1.9519385295998555 4.7744420173734134 5400.47805928101 -0.47805928100997963 1099.0247854868048 13.460519559836447 -1041900.0
21.00000000000003 1.9557895391894664 5.2795790255996025 5400.908860458286 -0.9088604582852978 1100.508067007677 14.998179364434689 -1041900.0
21.10000000000003 1.9562395602366887 5.730107469210067 5400.614834204045 -0.6148342040446756 1101.759725235489 13.359634295537225 -1041900.0
21.20000000000003 1.9582536400223238 6.1203877077358 5400.304227361641 -0.30422736164097397 1102.4490712905563 14.450221778486295 -1041900.0
21.300000000000033 1.9580008782817682 6.451592943876923 5400.245146660822 -0.24514666082150363 1102.9234753369894 13.439061226150766 -1041900.0
21.400000000000034 1.9604995216343262 6.734318789650229 5400.362665241127 -0.3626652411271497 1103.538412845926 15.256424597055643 -1041900.0
21.500000000000036 1.959310491393535 7.025315764947574 5400.165932977506 -0.1659329775060309 1103.9259824734695 13.297286492905673 -1041900.0
21.600000000000037 1.9587325988495363 7.332988186143186 5399.617209632818 0.38279036718207415 1103.4569864285727 13.762586648698878 -1041900.0
21.70000000000004 1.9612116936870436 7.534920749691064 5400.425093417143 -0.42509341714349447 1103.8936399376428 15.968829197846006 -1041900.0
21.80000000000004 1.9601967863315046 7.661592557278094 5400.212628012638 -0.21262801263769168 1104.373472416318 13.827208442583606 -1041900.0
21.90000000000004 1.9570715327626809 7.776358217244968 5399.1569404408265 0.8430595591731062 1103.2757557748016 12.847680403185697 -1041900.0
22.000000000000043 1.955594544262213 7.88887148584208 5399.283264357834 0.7167356421660802 1101.9084180019001 13.713091923398562 -1041900.0
22.100000000000044 1.9568380110562147 7.995842647817466 5400.133667598734 -0.13366759873435546 1101.7928597362384 15.434349973350098 -1041900.0
22.200000000000045 1.9585218657906358 8.099067082217191 5400.560880493874 -0.5608804938738743 1102.6398154139702 15.876527330693188 -1041900.0
22.300000000000047 1.959031564115873 8.208807917718566 5400.29994916738 -0.29994916737996724 1103.3002571202107 15.088984655090442 -1041900.0
22.40000000000005 1.959733646500327 8.291291040530263 5400.144707300497 -0.14470730049783867 1103.6313281535815 15.30750113817212 -1041900.0
22.50000000000005 1.9611526020412862 8.350209427915965 5400.358637718438 -0.3586377184380236 1104.1980045942719 15.93490747364811 -1041900.0
22.60000000000005 1.9627915629094352 8.391816318805848 5400.501648699169 -0.5016486991688478 1105.0568900040187 16.192620854362026 -1041900.0
22.700000000000053 1.9640543706934708 8.42875302198941 5400.434519675749 -0.4345196757483311 1105.8818272755955 15.909852764694255 -1041900.0
22.800000000000054 1.9623324770545123 8.470983058124943 5399.805919166728 0.19408083327180992 1105.7926037240327 13.985725225287428 -1041900.0
22.900000000000055 1.9622240074709658 8.517754950608715 5399.671301758638 0.32869824136209574 1105.2471776286463 14.963309454147954 -1041900.0
23.000000000000057 1.9625116454584528 8.558874165954236 5400.106334434855 -0.10633443485522608 1105.25763479302 15.266059810309445 -1041900.0
23.10000000000006 1.9603727442286774 8.586721028640923 5399.6452567453525 0.35474325464732065 1104.8028873476003 13.837378198049947 -1041900.0
23.20000000000006 1.9579061597619878 8.603044750183782 5399.193476057582 0.8065239424176811 1103.5160839727635 13.67806464066895 -1041900.0
23.30000000000006 1.9590806757503645 8.610281089618889 5399.928113887717 0.0718861122830986 1103.0728302889713 16.003500533350635 -1041900.0
23.400000000000063 1.955527756995811 8.611774014473077 5399.602482487533 0.39751751246740097 1102.4822484022968 13.14822747270534 -1041900.0
23.500000000000064 1.9538297702226464 8.613952920804053 5399.088117686816 0.9118823131835212 1101.0288587977348 14.09050004424842 -1041900.0
23.600000000000065 1.9497224694005373 8.613229929113242 5399.097823791197 0.9021762088032723 1099.3710544187413 12.878776509518048 -1041900.0
23.700000000000067 1.9482154892322916 8.610502058172665 5399.156136576226 0.8438634237733157 1097.799528142112 14.182189186688337 -1041900.0
23.800000000000068 1.9462868169620446 8.600655876473992 5399.556009076528 0.4439909234719262 1096.81614683926 13.947258098251153 -1041900.0
23.90000000000007 1.9429077491278874 8.584615383499125 5399.1224001160035 0.8775998839960627 1095.3913564511577 13.204382983522828 -1041900.0
24.00000000000007 1.9427541962519213 8.56585856827858 5399.522620997892 0.4773790021084278 1094.346627086372 14.94900639068938 -1041900.0
24.100000000000072 1.941327440218681 8.544962393482308 5399.834689088749 0.1653109112515492 1093.911295315525 14.178836447438114 -1041900.0
24.200000000000074 1.9400920632215686 8.521082161139743 5399.551285714163 0.44871428583662615 1093.2089650604105 14.268539770940482 -1041900.0
24.300000000000075 1.9413598639865717 8.497210700704152 5400.1003889698995 -0.10038896989917707 1093.1601582618039 15.916451095513008 -1041900.0
24.400000000000077 1.9369624106245065 8.471310547438012 5399.410342411187 0.5896575888123897 1092.371895642404 12.664536143717248 -1041900.0
24.500000000000078 1.9378512323146315 8.44730335290301 5399.4460146899455 0.5539853100540816 1091.3413155228814 15.56027429318068 -1041900.0
24.60000000000008 1.933315618203596 8.42840324363561 5399.445393572803 0.554606427196348 1090.324985295499 12.570933165420671 -1041900.0
24.70000000000008 1.9340073590827034 8.411982515549017 5399.406571228321 0.5934287716789536 1089.253691031072 15.366370026696375 -1041900.0
24.800000000000082 1.9314532789971117 8.392938023927224 5399.788541398496 0.2114586015037257 1088.7041320623614 13.47807962064044 -1041900.0
24.900000000000084 1.9323366552790953 8.373887393274442 5399.75291483237 0.24708516762946123 1088.2663306141337 15.468233963708174 -1041900.0
25.000000000000085 1.9341186439623392 8.351436688085858 5400.561230904733 -0.561230904732706 1088.952340847827 16.181098119483572 -1041900.0
25.100000000000087 1.9336822268652456 8.32908595808457 5400.157739002589 -0.15773900258907364 1089.412557006082 14.58306008322046 -1041900.0
25.200000000000088 1.9349716713864515 8.309912618882919 5400.104411658394 -0.10441165839452285 1089.6265543698576 15.732713606301523 -1041900.0
25.30000000000009 1.9334943266290152 8.288810972930492 5399.936945619186 0.0630543808135362 1089.5819812904506 13.973461895650152 -1041900.0
25.40000000000009 1.9332112527952683 8.270891423549372 5399.674577805337 0.3254221946628375 1089.0967263607058 14.630744952519247 -1041900.0
25.500000000000092 1.9348398404974847 8.260706938144999 5400.319938694849 -0.319938694849058 1089.409540971211 15.954725192025688 -1041900.0
25.600000000000094 1.9360800573626145 8.249946767288035 5400.49575909066 -0.4957590906597472 1090.2437195365665 15.641659945038382 -1041900.0
25.700000000000095 1.9383081709597323 8.241619721436283 5400.5447912680365 -0.5447912680361505 1091.221532287669 16.504011479073426 -1041900.0
25.800000000000097 1.935057735817381 8.244986847471285 5399.678455668083 0.3215443319171231 1090.999467821645 13.055425654557942 -1041900.0
25.900000000000098 1.9320711019597816 8.258652260026505 5398.857764429932 1.1422355700679288 1089.2537231066867 13.17668583112822 -1041900.0
26.0000000000001 1.9314601972963334 8.259477200099017 5399.555495358983 0.4445046410174798 1088.143108185784 14.413418089581317 -1041900.0
26.1000000000001 1.9289674676611037 8.248953414797146 5399.552836741788 0.4471632582117616 1087.3245851871725 13.416996644716892 -1041900.0
26.200000000000102 1.9272493145064242 8.228944618841087 5399.31127614358 0.6887238564203498 1086.1645760519941 13.795861155086337 -1041900.0
26.300000000000104 1.9250983193031765 8.204111028922696 5399.422538437045 0.5774615629554936 1085.0589137946677 13.560209307130103 -1041900.0
26.400000000000105 1.922259934072128 8.182127699051835 5399.20066776883 0.7993322311701714 1083.6878109782558 13.206414844033176 -1041900.0
26.500000000000107 1.9220766724434033 8.162026891452246 5399.61011288242 0.3898871175798526 1082.7995431635698 14.582873509240532 -1041900.0
26.600000000000108 1.923296081659335 8.14375004670912 5400.308551639582 -0.30855163958212883 1083.0689802858872 15.48622973674916 -1041900.0
26.70000000000011 1.923804018469389 8.125543988489442 5400.285359234927 -0.2853592349261 1083.601877343081 14.987869643956417 -1041900.0
26.80000000000011 1.9257786575724358 8.10143122531142 5400.399703263075 -0.3997032630752201 1084.2860515563623 16.064531387800884 -1041900.0
26.900000000000112 1.9248563570800654 8.081943679993392 5400.108437871398 -0.10843787139750158 1084.6083147007055 14.121611245769405 -1041900.0
27.000000000000114 1.9227059611503314 8.065508793897115 5399.379537031154 0.6204629688463199 1083.7800600350733 13.472095437398226 -1041900.0
27.100000000000115 1.9191926347316015 8.05385991625992 5399.0439979292105 0.9560020707898578 1082.1699768185395 12.813170802084628 -1041900.0
27.200000000000117 1.916647887631304 6.589521749667208 5398.889020626177 1.1109793738237228 1080.1992620028075 13.25189101267906 -1041637.3444120298
27.300000000000118 1.919320449716247 5.3914268860913515 5398.39829337951 1.6017066204906656 1077.4714021200346 15.261868620189883 -1038876.8645956834
27.40000000000012 1.923561148707187 4.41116745225656 5403.646749760471 -3.646749760470502 1081.9305489254496 15.54368532877174 -1041776.0916040706
27.50000000000012 1.9291201992762714 3.7545915518462767 5401.310124658276 -1.310124658276639 1085.3227364674005 15.858966413534954 -1041900.0
27.600000000000122 1.9356450928706745 3.362847633328772 5401.859376965306 -1.8593769653059968 1088.4980914666262 16.21499441626275 -1041900.0
27.700000000000124 1.941188740927429 3.1877844272689955 5401.860634527531 -1.8606345275308176 1091.9081013492068 15.15334033184173 -1041900.0
27.800000000000125 1.9476499670481562 3.1900054404928144 5401.822231291947 -1.8222312919472432 1095.2645342792337 15.769930861403171 -1041900.0
27.900000000000126 1.949624663205113 3.33727717858503 5401.155102490317 -1.1551024903177287 1097.6646997558769 13.121445223583049 -1041900.0
28.000000000000128 1.9568054597547557 3.6032267824786612 5401.421237166424 -1.4212371664244738 1100.1569863792638 16.7097788438042 -1041900.0
28.10000000000013 1.961443293450617 3.966276458391632 5401.904251855254 -1.9042518552541272 1103.4426818018808 14.807050452331085 -1041900.0
28.20000000000013 1.963239687055054 4.408771647774971 5400.781502866112 -0.7815028661113165 1105.3512221268595 13.419822224377558 -1041900.0
28.300000000000132 1.9678016446625501 4.916267711815886 5400.960717940841 -0.9607179408412423 1107.036230920736 15.314313210795012 -1041900.0
28.400000000000134 1.9715577898750132 5.476946309667543 5401.349020201269 -1.3490202012687706 1109.3443447912405 15.108058228972974 -1041900.0
28.500000000000135 1.9738408035908857 6.063799487723841 5400.835310913637 -0.8353109136370188 1111.0932824338927 14.519565281512598 -1041900.0
28.600000000000136 1.9742562327520132 6.625808497705843 5400.285124307939 -0.28512430793914567 1111.849194411161 13.798472407571946 -1041900.0
28.700000000000138 1.9757283851923635 7.161671033981061 5400.262226623988 -0.26222662398755925 1112.3395644309257 14.751721375444298 -1041900.0
28.80000000000014 1.9748754277187757 7.668918412067553 5400.052965916461 -0.05296591646086574 1112.5253774957898 13.737403046755512 -1041900.0
28.90000000000014 1.9764619901538916 8.155006575259314 5400.116001864343 -0.11600186434279763 1112.711281671228 15.606539573702404 -1041900.0
29.000000000000142 1.9728854785285515 8.691836108815085 5399.599330326527 0.4006696734731483 1112.195922891786 12.920412859542527 -1041900.0
29.100000000000144 1.9691271677141067 8.995216688677568 5398.6866144696205 1.3133855303791835 1110.1754787379289 13.117340171210838 -1041900.0
29.200000000000145 1.9704210269471067 9.097982617655962 5399.80669430193 0.19330569806942555 1109.3462355444683 16.574121466468092 -1041900.0
29.300000000000146 1.9718523457462611 9.220081004403465 5400.613640517008 -0.6136405170085726 1110.128893416952 16.851085912386786 -1041900.0
29.400000000000148 1.9680984928105476 9.419373398941998 5399.45208453479 0.5479154652104972 1109.617064105682 13.416293470473125 -1041900.0
29.50000000000015 1.9676580333187934 9.727642843631417 5399.284753201325 0.7152467986751815 1108.3769652090996 15.482449186484164 -1041900.0
29.60000000000015 1.9647551344324325 9.843385661098734 5399.532222250375 0.46777774962534163 1107.4146017172395 14.1626707985971 -1041900.0
29.700000000000152 1.9613893797888744 9.792629784481086 5398.939763468966 1.0602365310345228 1105.7223906791705 13.979574700454272 -1041900.0
29.800000000000153 1.9618407385324157 9.780006644029855 5399.675962109944 0.32403789005611716 1104.8162810029228 16.545500450736675 -1041900.0
29.900000000000155 1.960525443584364 9.850948282541829 5399.949119955265 0.05088004473501889 1104.6071989545078 15.137027856359346 -1041900.0
30.000000000000156 1.9595133360679966 10.054445986778898 5399.585407595534 0.4145924044657031 1104.0014651176477 15.394655484795353 -1041900.0
30.100000000000158 1.9583820877186047 10.075489562972864 5399.677474695379 0.3225253046215788 1103.3712397839424 15.470952066029557 -1041900.0
30.20000000000016 1.956067022185587 9.947252488949745 5399.43066158816 0.5693384118405991 1102.4322912324994 14.712882583322463 -1041900.0
30.30000000000016 1.9564321710251402 9.942679397595525 5399.756594625222 0.24340537477847715 1101.8479335728161 16.59794833111512 -1041900.0
30.400000000000162 1.953660971568907 9.981205466570431 5399.619167554328 0.38083244567186386 1101.2081367779585 14.35218837283011 -1041900.0
30.500000000000163 1.9528271880203218 10.158181341186264 5399.403855603915 0.5961443960847378 1100.2066963669101 15.605015410151607 -1041900.0
30.600000000000165 1.9481860838038147 10.157525238599218 5399.098518672972 0.9014813270278128 1098.6837439531882 13.497950470067442 -1041900.0
30.700000000000166 1.9476000814034813 10.011533881937089 5399.214314982088 0.7856850179124635 1097.1944856802895 15.926198062394906 -1041900.0
30.800000000000168 1.947096782054926 9.992128637820734 5399.988040310802 0.011959689198348842 1096.8445040306142 15.858614868450834 -1041900.0
30.90000000000017 1.947121682936422 10.018121589836266 5399.9488406222545 0.05115937774559468 1096.7673495591505 16.27831784106803 -1041900.0
31.00000000000017 1.94365061576112 10.184843096030793 5399.359294795015 0.640705204985169 1095.8429043491624 13.999944905441618 -1041900.0
31.100000000000172 1.9429295426639697 10.175797055644496 5399.333895322623 0.6661046773772396 1094.6327038518243 15.826732232284067 -1041900.0
31.200000000000173 1.9424559909354875 10.022941204419345 5399.932811742645 0.06718825735506938 1094.2556072140026 16.011506102950253 -1041900.0
31.300000000000175 1.9415168690293156 10.0000110971342 5399.777334793362 0.222665206638573 1093.9133841167306 15.523061642649528 -1041900.0
31.400000000000176 1.941137175667543 10.022449756206239 5399.796897299035 0.20310270096532573 1093.5328023634556 15.921016913882255 -1041900.0
31.500000000000178 1.9367182499950273 10.186263204537907 5399.142856018171 0.8571439818286614 1092.2389709478496 13.508662095450976 -1041900.0
31.60000000000018 1.9368570983829987 10.174837844081999 5399.366065139049 0.6339348609511816 1090.9823276804739 16.52994796992323 -1041900.0
31.70000000000018 1.9374763080054724 10.020035276436255 5400.305724269836 -0.30572426983568 1091.144304795629 17.017754288875356 -1041900.0
31.800000000000182 1.9380512111660992 9.972904608373765 5400.196520046499 -0.1965200464995457 1091.5508286315574 16.787048999110283 -1041900.0
31.900000000000183 1.9361502912579391 9.98513518803479 5399.697164368944 0.302835631056356 1091.207457727115 14.8377239072058 -1041900.0
32.000000000000185 1.935123684027231 10.018787829563363 5399.495951081113 0.5040489188868554 1090.3688504928352 15.408957162585246 -1041900.0
32.100000000000186 1.9348802175853634 10.19177635445038 5399.871398862926 0.1286011370741664 1089.97393474909 16.02075090782223 -1041900.0
32.20000000000019 1.9317826424571036 10.187857874812483 5399.417095699912 0.5829043000873815 1089.0980957081472 14.288899415823021 -1041900.0
32.30000000000019 1.9318487320040267 10.039197300563295 5399.545548961979 0.4544510380211015 1088.2106227723386 16.437968317313324 -1041900.0
32.40000000000019 1.9308531730743699 10.019254864129515 5399.93935572076 0.06064427924000438 1087.9324877427684 15.459409555603822 -1041900.0
32.50000000000019 1.9270542823899086 10.04474136170933 5399.126916553832 0.8730834461679415 1086.6765999927202 13.800413021869602 -1041900.0
32.60000000000019 1.9239387042149954 10.211048496092813 5398.864384056218 1.1356159437822633 1084.7063297467557 14.166586304932036 -1041900.0
32.700000000000195 1.9229942674575546 10.201663424224755 5399.492604945348 0.5073950546517716 1083.5099089545877 15.609309412683983 -1041900.0
32.800000000000196 1.9230652790816132 10.048530183605434 5399.986091446454 0.013908553545882435 1083.2751762994692 16.412445449666492 -1041900.0
32.9000000000002 1.9232315226937882 10.0254267216756 5400.071380544406 -0.0713805444060136 1083.3698542598338 16.34309385685945 -1041900.0
33.0000000000002 1.9232575863826142 10.047797631008907 5400.023244185129 -0.023244185129412846 1083.4328706675092 16.19847805799442 -1041900.0
33.1000000000002 1.9238757347933866 10.211555647736157 5400.113922278113 -0.1139222781126165 1083.6032426918648 16.778570159334002 -1041900.0
33.2000000000002 1.9246969396944316 10.200084934149363 5400.24899251933 -0.24899251933027636 1084.0023761975206 17.215440049551873 -1041900.0
33.3000000000002 1.9253036198752842 10.04524525939653 5400.216528804465 -0.2165288044650699 1084.4130381112082 16.955741927657836 -1041900.0
33.400000000000205 1.926367767612232 9.99815093235821 5400.262343140707 -0.2623431407072637 1084.8744878095576 17.305527370424823 -1041900.0
33.500000000000206 1.925986029010828 9.829897902005783 5400.06822906155 -0.06822906154990648 1085.0818560489415 15.855357411219604 -1041900.0
33.60000000000021 1.926504961097868 9.80419737155208 5400.000445575131 -0.0004455751312566936 1085.1114129863986 16.4569915528188 -1041900.0
33.70000000000021 1.9257522270874228 9.730436219829446 5399.95251711068 0.047482889320506344 1085.0446985192018 15.420497737777987 -1041900.0
33.80000000000021 1.924608393033047 9.749547937251013 5399.650676946618 0.3493230533824252 1084.532369591914 15.098860095537072 -1041900.0
33.90000000000021 1.9217104011421904 9.709682850799624 5399.305630054282 0.6943699457181928 1083.4058893637628 14.088051989949552 -1041900.0
34.00000000000021 1.9205158669048432 9.617954471925701 5399.376746880889 0.6232531191108013 1082.2333128619514 15.038255573346138 -1041900.0
34.100000000000215 1.9205326630469637 9.572690540955891 5399.930160090051 0.06983990994900795 1081.8706491063301 15.803617484399135 -1041900.0
34.200000000000216 1.922002668787964 9.639864945295985 5400.323780609918 -0.3237806099180301 1082.2972438638863 17.13554089636091 -1041900.0
34.30000000000022 1.9230053586075895 9.756171545221802 5400.408255626808 -0.40825562680730343 1083.009759020663 16.702711590538478 -1041900.0
34.40000000000022 1.919737934596957 9.986924314712365 5399.477982889306 0.5220171106942025 1082.4473372974612 13.895358654510018 -1041900.0
34.50000000000022 1.9194400805217364 10.030397669249535 5399.407573426821 0.5924265731791662 1081.3912730009174 15.883256891602516 -1041900.0
34.60000000000022 1.9202705518034249 8.206689002113256 5400.243462057011 -0.2434620570113065 1081.4831221722184 16.96296918113213 -1041905.9629833184
34.70000000000022 1.919786884238171 6.8600182744563 5400.042421733567 -0.04242173356696445 1081.6461223069873 14.417688960030464 -1041900.0
34.800000000000225 1.9242366417362768 5.903651315464245 5400.729964879566 -0.729964879566015 1082.6926296373283 17.311073584179084 -1041900.0
34.900000000000226 1.9291274134277046 5.266623803561655 5401.622671793238 -1.6226717932380943 1085.2884793029366 16.662468482890734 -1041900.0
35.00000000000023 1.9318606302579286 4.890874021095899 5401.09388861155 -1.0938886115503734 1087.517781196944 14.493418658078761 -1041900.0
35.10000000000023 1.9367262091912893 4.72889692635119 5401.148824668265 -1.1488246682647938 1089.6002839258265 15.72522869754082 -1041900.0
35.20000000000023 1.9397152853097734 4.741824757923701 5401.211384010918 -1.211384010917784 1091.794225656554 14.360879934361295 -1041900.0
35.30000000000023 1.946184284947329 4.897856620119391 5401.499562633966 -1.4995626339663122 1094.420736228442 17.48149523659556 -1041900.0
35.40000000000023 1.952438823609361 5.1709735982795015 5402.057846585297 -2.057846585297007 1097.956056623927 17.463617160820842 -1041900.0
35.500000000000234 1.958062991460861 5.53988748950141 5401.776947064626 -1.7769470646261665 1101.332301990151 16.966652241529488 -1041900.0
35.600000000000236 1.961964145971425 5.987180673228426 5401.360003946026 -1.36000394602652 1104.001973105504 15.624164705287749 -1041900.0
35.70000000000024 1.9656843376634112 6.4820372342484225 5401.093811128338 -1.0938111283372003 1106.1197946584464 15.870134216319595 -1041900.0
35.80000000000024 1.9692470593477598 6.967916568129545 5401.100705932339 -1.1007059323387853 1108.1344652355265 16.207205727257293 -1041900.0
35.90000000000024 1.9719062367261584 7.441203887287037 5400.911450612641 -0.911450612640474 1109.8853984640486 15.857630859916394 -1041900.0
36.00000000000024 1.975222827338986 7.897295934980576 5400.901052687869 -0.9010526878690832 1111.5414367610156 17.081180651153026 -1041900.0
36.10000000000024 1.9772536046398987 8.341758829699058 5400.79323871322 -0.7932387132195632 1113.0411564475987 16.194436551460218 -1041900.0
36.200000000000244 1.9783292457350328 8.850864834468725 5400.391312176493 -0.3913121764924126 1113.9288485186814 15.781427081678668 -1041900.0
36.300000000000246 1.9801125934996344 9.130111979997366 5400.427128337179 -0.42712833717915816 1114.6965887085994 17.020973295509435 -1041900.0
36.40000000000025 1.981658153366843 9.213132371793527 5400.527829364868 -0.5278293648676194 1115.621402698662 17.10199528528105 -1041900.0
36.50000000000025 1.979595578022927 9.169508268792358 5399.780503551833 0.21949644816671457 1115.535931853899 14.333803861971754 -1041900.0
36.60000000000025 1.980906114618245 9.277945127700484 5399.875554161488 0.1244458385120857 1115.267521173413 16.862474201821783 -1041900.0
36.70000000000025 1.9806591850493889 9.423910822575412 5400.235145533983 -0.2351455339828041 1115.5460761952652 15.558287789169864 -1041900.0
36.80000000000025 1.980299150609268 9.645648541617819 5399.8458886464705 0.15411135352983032 1115.4286350045504 15.59358840988368 -1041900.0
36.900000000000254 1.980366605440498 9.681615766288878 5399.963428967514 0.0365710324861895 1115.3117632058809 16.136330144529882 -1041900.0
37.000000000000256 1.9797216839065266 9.683174542969821 5399.9052513893075 0.09474861069286553 1115.1627562956407 15.593425050936299 -1041900.0
37.10000000000026 1.9804806951036453 9.727841255162218 5400.041530760969 -0.04153076096889164 1115.181099726912 16.854157163428308 -1041900.0
37.20000000000026 1.981742579740596 9.811966621251255 5400.378026955265 -0.37802695526541147 1115.7313487495317 17.579642097652563 -1041900.0
37.30000000000026 1.9820721995365613 10.026251011687739 5400.225667566177 -0.2256675661771429 1116.2095977793078 16.55732995266124 -1041900.0
37.40000000000026 1.9781931724243274 10.0561200584085 5399.268453666289 0.7315463337109405 1115.2745320431682 13.8539417249768 -1041900.0
37.50000000000026 1.9792183662701832 9.935103823907303 5399.591651321371 0.4083486786296342 1114.388993109486 17.721652947701894 -1041900.0
37.600000000000264 1.9792008006522444 9.941137492270451 5400.303382133648 -0.3033821336475852 1114.6433186960562 16.33896483367569 -1041900.0
37.700000000000266 1.9785339196598912 9.987904552647713 5399.831431625809 0.16856837419110854 1114.5344398814875 15.79379491488479 -1041900.0
37.80000000000027 1.9794026557023898 10.171623056592745 5400.056371974467 -0.05637197446645953 1114.5423950028537 17.38209752417652 -1041900.0
37.90000000000027 1.9793328957553802 10.17648365072959 5400.14791998547 -0.14791998546988405 1114.7747159795547 16.53521314049822 -1041900.0
38.00000000000027 1.9757157561304393 10.035005955023372 5399.272575220967 0.7274247790329996 1113.8124925397365 14.084050676849316 -1041900.0
38.10000000000027 1.9719821436136873 10.025114666096933 5398.745236078132 1.2547639218686868 1111.7361020675132 13.924923897003426 -1041900.0
38.20000000000027 1.9696085552501177 10.052474348384377 5399.122841037537 0.8771589624631853 1109.9681651865303 14.67638076374126 -1041900.0
38.300000000000274 1.9701880257095867 10.22031408843774 5399.88923217529 0.11076782470977342 1109.4401779214297 17.03490453653186 -1041900.0
38.400000000000276 1.971062187275682 10.21218296666322 5400.3370937572145 -0.337093757214821 1109.8681774676686 17.67744951324395 -1041900.0
38.50000000000028 1.9681426716830108 10.060075685211338 5399.553895624023 0.44610437597641 1109.3825441549773 14.48129245847808 -1041900.0
38.60000000000028 1.9659357368228974 9.918338344211666 5399.1020081597935 0.8979918402060494 1107.9281253967129 14.792611763128628 -1041900.0
38.70000000000028 1.967060191364842 9.834436439318015 5399.989665850588 0.010334149412433016 1107.532816039943 17.539841839350093 -1041900.0
38.80000000000028 1.967815126458419 9.854575150527248 5400.399146652183 -0.39914665218306716 1108.0908319935183 16.950777928689266 -1041900.0
38.90000000000028 1.9685636486282405 9.929196362792377 5400.207481730274 -0.20748173027372507 1108.5524119319996 16.973282590507175 -1041900.0
39.000000000000284 1.9652405119423122 10.12904690815916 5399.454940475549 0.5450595244508518 1107.8723953156846 14.064326000899104 -1041900.0
39.100000000000286 1.961846893257842 10.147106445277435 5398.82674313788 1.1732568621201354 1105.98817115859 14.147878746386537 -1041900.0
39.20000000000029 1.960291857279678 10.016427884737844 5399.317173012275 0.6828269877248246 1104.528607023347 15.258585733496643 -1041900.0
39.30000000000029 1.9601294076564781 9.889983009321893 5399.862357903451 0.13764209654894569 1104.045150666514 16.199309631726674 -1041900.0
39.40000000000029 1.9573583762270979 9.736885934909457 5399.504496741897 0.4955032581033155 1103.2886263269097 14.325599241929972 -1041900.0
39.50000000000029 1.956613121322103 9.589524411055054 5399.437806915887 0.5621930841121399 1102.2864028899598 15.481109962124261 -1041900.0
39.60000000000029 1.9573128565298779 9.608119296187528 5400.123068604845 -0.12306860484459588 1102.2214366865223 16.545762011995652 -1041900.0
39.700000000000294 1.9581589994510997 9.564161745473296 5400.294708274208 -0.294708274207122 1102.6888617333343 16.720747495551215 -1041900.0
39.800000000000296 1.959494111056978 9.543448182311039 5400.349425154244 -0.34942515424418985 1103.306158083928 17.24724584285905 -1041900.0
39.9000000000003 1.9598342993945856 9.610090629178417 5400.2352337108605 -0.23523371086064787 1103.7857586479302 16.1779933414852 -1041900.0
40.0000000000003 1.959854930005077 9.715994091584825 5400.0063812771305 -0.006381277130018533 1103.8944889608113 15.969964753993917 -1041900.0
40.1000000000003 1.9582811559769813 9.948096924462796 5399.694333041674 0.3056669583258301 1103.4665098780335 14.916397662459811 -1041900.0
40.2000000000003 1.955234858408537 9.992544696817498 5399.1859028247445 0.8140971752552639 1102.1898441677686 14.206570027898765 -1041900.0
40.3000000000003 1.9524596449548604 9.883456510562256 5399.0716361107425 0.9283638892577099 1100.5366022454962 14.380452259947127 -1041900.0
40.400000000000304 1.9524852300565678 9.732974404563926 5399.697812702638 0.3021872973622412 1099.7171940544677 16.19797033195693 -1041900.0
40.500000000000306 1.9537964513115442 9.464398136019838 5400.354407849901 -0.3544078499008096 1100.0884273008962 17.411176836152016 -1041900.0
40.60000000000031 1.9523713846406787 9.099199370847401 5399.924374762807 0.07562523719313965 1100.132140270049 14.810949262190492 -1041900.0
40.70000000000031 1.9512798329267789 8.80657461969667 5399.5225046074365 0.47749539256358164 1099.427284161357 14.754726606915373 -1041900.0
40.80000000000031 1.9531032549112168 8.603446954345975 5400.233855608016 -0.2338556080157453 1099.554328666604 16.811066358712733 -1041900.0
40.90000000000031 1.9540713981172144 8.484268642774412 5400.504731231221 -0.5047312312207255 1100.3646497491932 15.808397320416507 -1041900.0
41.00000000000031 1.956633854112664 8.339673540981712 5400.558657568578 -0.5586575685786117 1101.3658043053579 17.3500615961722 -1041900.0
41.100000000000314 1.955889666864859 8.166103284781512 5400.212049092808 -0.21204909280826964 1101.901452286202 14.461129127755928 -1041900.0
41.200000000000315 1.9587803890860431 8.054833407492335 5400.338339063777 -0.33833906377763473 1102.4680808424155 17.37007823223489 -1041900.0
41.30000000000032 1.9618545645227 7.980743696933883 5401.0514920239775 -1.0514920239775212 1104.0930888672412 17.512819085429054 -1041900.0
41.40000000000032 1.9643822391854744 7.928155384435489 5400.839518958891 -0.8395189588911383 1105.7218036984855 16.703915961279552 -1041900.0
41.50000000000032 1.9660511481175178 7.889566836620241 5400.581355063994 -0.581355063993735 1106.8968890222227 15.843005163783632 -1041900.0
41.60000000000032 1.966262976256646 7.858474742864792 5400.203671306057 -0.20367130605699552 1107.4303564395902 14.772226910573226 -1041900.0
41.70000000000032 1.965829146155442 7.829922097140682 5399.891480095683 0.10851990431740093 1107.3638085281752 14.36034998915495 -1041900.0
41.800000000000324 1.9650432711571741 7.799524032863809 5399.780988835374 0.21901116462576878 1107.0092093577869 14.140132467139106 -1041900.0
41.900000000000325 1.9681017572246047 7.770251856994177 5400.476517059375 -0.4765170593744007 1107.587761160644 17.16067590250679 -1041900.0
42.00000000000033 1.969039153743617 7.737809189729988 5400.673125099795 -0.6731250997949767 1108.73823765943 15.176227874435705 -1041900.0
42.10000000000033 1.9721768725171336 7.712862403659167 5400.617446390107 -0.6174463901069442 1109.8936246654036 17.223558156437672 -1041900.0
42.20000000000033 1.9711798554042832 7.694083632012503 5400.253588002083 -0.253588002082801 1110.5127274297438 13.969831206302478 -1041900.0
42.30000000000033 1.973576785530189 7.681510735914418 5400.186475557444 -0.186475557444075 1110.8829928030657 16.31789314172521 -1041900.0
42.40000000000033 1.976885327007311 7.672102013002107 5401.0295201550825 -1.0295201550821966 1112.4126523379327 17.448146203549623 -1041900.0
42.500000000000334 1.9782648673822847 7.665718245240388 5400.678061166031 -0.6780611660301619 1113.804557066624 15.458976576015667 -1041900.0
42.600000000000335 1.9769532142787412 7.663186806701217 5399.833674893202 0.16632510679751772 1113.8577029255432 13.788132249160405 -1041900.0
42.70000000000034 1.9760591060764714 7.663414775590535 5399.583709883771 0.4162901162292478 1113.200628306494 14.009407039879031 -1041900.0
42.80000000000034 1.9779234301374946 7.663644509900972 5400.271280386728 -0.27128038672811233 1113.4063553621127 15.833684928658807 -1041900.0
42.90000000000034 1.9765909324796438 7.65966358378227 5400.06768924754 -0.0676892475400984 1113.6167523958695 13.775006943168146 -1041900.0
43.00000000000034 1.9782951442382108 7.654513911799281 5400.044400416544 -0.044400416543903566 1113.7080128237367 15.701048389838537 -1041900.0
43.10000000000034 1.9769536285641198 7.645377049640166 5400.056746709746 -0.05674670974660031 1113.8067947143843 13.765874387908756 -1041900.0
43.200000000000344 1.9761779131573982 7.638052475375734 5399.587159510341 0.41284048965909437 1113.2491630693871 14.06431351102154 -1041900.0
43.300000000000345 1.9791111512475723 7.6283464154397285 5400.484317026776 -0.4843170267756763 1113.7565213924988 16.88044928721143 -1041900.0
43.40000000000035 1.979723296382653 7.622292037437006 5400.595518500201 -0.5955185002011166 1114.800957378635 14.895871199967942 -1041900.0
43.50000000000035 1.9826852732657743 7.625954504362135 5400.537294856565 -0.537294856564205 1115.8105056756192 16.926688826751448 -1041900.0
43.60000000000035 1.9836790162760367 7.628002936276226 5400.6153187563605 -0.6153187563604527 1116.9053028225146 15.167404414944487 -1041900.0
43.70000000000035 1.9869904934848477 7.6301654956659055 5400.668973039381 -0.6689730393813409 1118.1087809876997 17.481699734995345 -1041900.0
43.80000000000035 1.9863703043074632 7.637618685571577 5400.35021947203 -0.3502194720302212 1118.885884792488 14.170713145811293 -1041900.0
43.900000000000354 1.9867930774019464 7.639617771088936 5399.863772359911 0.13622764008900998 1118.8424331037436 14.805154033648975 -1041900.0
44.000000000000355 1.989184011054378 7.644634503291941 5400.541020145433 -0.5410201454337052 1119.5469699692617 16.3574356382487 -1041900.0
44.10000000000036 1.9914251931766773 7.650914875755356 5400.776602873976 -0.7766028739757299 1120.8705959603574 16.229999216802476 -1041900.0
44.20000000000036 1.994068251420947 7.655599302387296 5400.746914210098 -0.7469142100976612 1122.2522777009508 16.67263170709496 -1041900.0
44.30000000000036 1.9967680324953894 7.66061491607543 5400.828089714299 -0.8280897142986025 1123.7357477334788 16.764659134419382 -1041900.0
44.40000000000036 1.9980489153081085 7.664764528776249 5400.556663373393 -0.5566633733933601 1124.8711964654526 15.464974941635305 -1041900.0
44.50000000000036 1.9996464991534775 7.67011362829825 5400.397104883166 -0.39710488316627174 1125.666742516153 15.725678567487556 -1041900.0
44.600000000000364 2.001296356465721 7.673533940120009 5400.510253090261 -0.5102530902610558 1126.5540615907935 15.781807172027852 -1041900.0
44.700000000000365 2.0000629751620727 7.679852923267675 5399.961544349031 0.038455650968747035 1126.716224888849 13.892745537403147 -1041900.0
44.80000000000037 2.002400896475087 7.6894692896238395 5400.191948019184 -0.1919480191839605 1126.970374451868 16.43335920660214 -1041900.0
44.90000000000037 2.0045045565980106 7.696234376133587 5400.8031319583115 -0.8031319583117201 1128.1833733412639 16.222874341780333 -1041900.0
45.00000000000037 2.0065342855742356 7.702300320443665 5400.6162739128695 -0.6162739128694357 1129.3922312348207 16.17125511282986 -1041900.0
45.10000000000037 2.00476175700761 7.708400789026245 5399.891936251676 0.10806374832385279 1129.501269552489 13.632426193713567 -1041900.0
45.20000000000037 2.00770241174368 7.715068916974111 5400.212385415932 -0.2123854159315208 1129.7547015742473 17.249014521934505 -1041900.0
45.300000000000374 2.01017591505068 7.719526880692761 5400.98593795562 -0.985937955620491 1131.2339395700715 16.674867756348675 -1041900.0
45.400000000000375 2.0121457953862665 7.726360820263657 5400.638495972252 -0.6384959722520339 1132.551618088158 16.170677869984114 -1041900.0
45.50000000000038 2.0126501344481933 7.735785388933449 5400.297480349219 -0.2974803492187378 1133.2414901924417 15.016472634209638 -1041900.0
45.60000000000038 2.015400605061048 7.74974546959804 5400.526867505711 -0.5268675057118094 1134.1099781760586 17.090046551539967 -1041900.0
45.70000000000038 2.0138999912258275 7.762613344634766 5400.120270749821 -0.12027074982173369 1134.5028314849794 13.826453606229457 -1041900.0
45.80000000000038 2.016075667395561 7.775444343229553 5400.0794691550955 -0.07946915509502024 1134.6657983224325 16.443914747231812 -1041900.0
45.90000000000038 2.0143900524545884 7.785103964181851 5400.071502912146 -0.07150291214543743 1134.8002408474056 13.742732845371176 -1041900.0
46.000000000000384 2.0144145413732217 7.7826731103928415 5399.668999195463 0.33100080453777075 1134.3641779485617 14.746132129472699 -1041900.0
46.100000000000385 2.0128195450537305 7.782218583248311 5399.7641158036195 0.23588419638021632 1133.8914727747378 13.791908671727516 -1041900.0
46.20000000000039 2.0145189378648736 7.784291365304983 5400.080730908473 -0.08073090847263462 1133.9052077255105 15.994833962500008 -1041900.0
46.30000000000039 2.0138745997483793 7.78850739353008 5400.194618042797 -0.19461804279656708 1134.213654453003 14.331849037019616 -1041900.0
46.40000000000039 2.016150377769815 7.786256860901811 5400.266540034266 -0.2665400342657769 1134.6717274114294 16.580146188043212 -1041900.0
46.50000000000039 2.0161958489202343 7.790273461774604 5400.377495578489 -0.3774955784896184 1135.31663165605 14.766499685723002 -1041900.0
46.60000000000039 2.0189135097464157 7.78919086057215 5400.436086800229 -0.436086800228937 1136.091136082852 17.15294091556444 -1041900.0
46.700000000000394 2.0191173119810712 7.795501345547716 5400.449445123274 -0.44944512327434893 1136.9093050648428 14.882425979687397 -1041900.0
46.800000000000395 2.0206046352997893 7.79608981865805 5400.211947003419 -0.21194700341858255 1137.3985031249279 15.853432177926253 -1041900.0
46.9000000000004 2.0226846160819796 7.804935229944762 5400.611123637661 -0.6111236376610015 1138.3494418598416 16.42323245702595 -1041900.0
47.0000000000004 2.0236916578613937 7.82222461067377 5400.454664642669 -0.4546646426692402 1139.249180763731 15.485755989618138 -1041900.0
47.1000000000004 2.023599140783461 7.843959046154515 5400.056156319382 -0.056156319382615325 1139.5210828262327 14.727056412980897 -1041900.0
47.2000000000004 2.0212532700797565 7.857235472518913 5399.507707766352 0.49229223364787494 1138.8512533484413 13.449703716722581 -1041900.0
47.3000000000004 2.022507533414052 7.863982957763969 5399.88637435305 0.11362564694961046 1138.4824229048224 15.720850649227623 -1041900.0
47.400000000000404 2.024476760415146 7.859011721025461 5400.6532444311 -0.6532444310994803 1139.354667033935 16.391910648980513 -1041900.0
47.500000000000405 2.024178728535178 7.8500748839819074 5400.1946683341375 -0.19466833413716073 1139.9059303555205 14.623034935350942 -1041900.0
47.600000000000406 2.0241797478565067 7.839161720600464 5399.875741278508 0.1242587214916452 1139.8133891906132 14.808835136419765 -1041900.0
47.70000000000041 2.0267148295384234 7.840687827792745 5400.493321899503 -0.4933218995025006 1140.4557940490995 17.0388626853904 -1041900.0
47.80000000000041 2.0240027347793665 7.850389848234237 5399.877262540504 0.12273745949649441 1140.4920254540582 13.266626252151536 -1041900.0
47.90000000000041 2.0255937150546095 7.8574711865273095 5399.7890199374715 0.21098006252888116 1140.1427138631284 16.021054491051608 -1041900.0
48.00000000000041 2.0263215815958335 7.856483089389739 5400.483971594724 -0.4839715947239852 1140.735174293582 15.327363814295273 -1041900.0
48.10000000000041 2.0244072966274977 7.852121445125164 5399.692666891642 0.30733310835813643 1140.5073459000685 13.690188837017825 -1041900.0
48.200000000000415 2.0251026448354463 7.859125354757573 5399.806607743565 0.19339225643458136 1140.1045469728085 15.294221176657066 -1041900.0
48.300000000000416 2.0236640696387536 7.859029449676318 5399.911504866882 0.08849513311789799 1139.8978590135168 13.94913026757775 -1041900.0
48.40000000000042 2.023540549407179 7.8535409829241445 5399.731403637019 0.26859636298107203 1139.4818848016346 14.732008907436082 -1041900.0
48.50000000000042 2.0252428137657423 7.843905839538479 5400.353837161556 -0.353837161555795 1139.8665565043627 16.124516354501253 -1041900.0
48.60000000000042 2.023702000978131 7.840990944317045 5399.97481869971 0.025181300289566895 1139.9811030087546 13.883662686304126 -1041900.0
48.70000000000042 2.0253935092134694 7.834054690860876 5400.016690932092 -0.016690932092752117 1139.9939436607506 16.103298514336903 -1041900.0
48.80000000000042 2.0231564792834895 7.836582918140343 5399.8950277711665 0.1049722288334734 1139.8531147455315 13.50459717959966 -1041900.0
48.900000000000425 2.0241840699717715 7.8365966051500715 5399.791271626199 0.20872837380069822 1139.514508241821 15.52956228293272 -1041900.0
49.000000000000426 2.022386249442047 7.829723271420791 5399.899864709997 0.10013529000258517 1139.2849167877157 13.736508725606683 -1041900.0
49.10000000000043 2.023618039872997 7.831350291275972 5399.92230891051 0.07769108949019755 1139.132992679663 15.684298043876483 -1041900.0
49.20000000000043 2.0226082673868864 7.824364286365258 5400.061583155407 -0.061583155406686414 1139.1868223236872 14.172351631374044 -1041900.0
49.30000000000043 2.0217429786547463 7.827865076127839 5399.637954479753 0.362045520246923 1138.7028114435516 14.249567446876155 -1041900.0
49.40000000000043 2.0242134545763086 7.825079082022191 5400.369809396136 -0.3698093961355405 1139.070365582122 16.91833630562702 -1041900.0
49.50000000000043 2.0238036699975672 7.8133921897092025 5400.334507864469 -0.33450786446856073 1139.6984863471196 14.529726210133298 -1041900.0
49.600000000000435 2.026166653168306 7.812550687037287 5400.286645876527 -0.28664587652674955 1140.2442017216804 16.783037496207328 -1041900.0
49.700000000000436 2.0285414265247925 7.8055328507780235 5400.822880166956 -0.8228801669556925 1141.5251777285682 16.814697027574613 -1041900.0
49.80000000000044 2.030826662060942 7.811592323826394 5400.70702601915 -0.7070260191499878 1142.8702785803398 16.716696961442413 -1041900.0
49.90000000000044 2.032492280297977 7.8157966396337475 5400.57035193343 -0.5703519334305427 1143.973683486663 16.091153679825915 -1041900.0
50.00000000000044 2.033478118915951 7.830947230826332 5400.3569953953875 -0.3569953953876391 1144.7185192185389 15.521563712081868 -1041900.0
50.10000000000044 2.0351591314490007 7.841233855483213 5400.407460149018 -0.40746014901851174 1145.4439966161501 16.139270672487704 -1041900.0
50.20000000000044 2.03260888068011 7.846400097676745 5399.740620718166 0.2593792818339211 1145.2512943112301 13.366380461443232 -1041900.0
50.300000000000445 2.034113827139142 7.858913063928067 5399.833746610493 0.1662533895067164 1144.9070664699175 15.98576385345092 -1041900.0
50.400000000000446 2.0350257751854133 7.861202844155647 5400.500193985658 -0.500193985657962 1145.5413483585587 15.50564206026081 -1041900.0
50.50000000000045 2.0372159307726885 7.860933601651028 5400.496514924367 -0.49651492436741873 1146.4530201369114 16.71823290801495 -1041900.0
50.60000000000045 2.0352656565878573 7.85958932996141 5399.925962473636 0.07403752636412919 1146.5592235901959 13.698170817665655 -1041900.0
50.70000000000045 2.0337948783164292 7.858503100822957 5399.345609881213 0.6543901187869415 1145.6057960016467 13.956800701253586 -1041900.0
50.80000000000045 2.03579836498258 7.854123572950204 5400.23021342545 -0.2302134254498627 1145.65270530774 16.495844293609917 -1041900.0
50.90000000000045 2.037925791857367 7.844978008826624 5400.765585722046 -0.7655857220464064 1146.8290260824942 16.64262834805063 -1041900.0
51.000000000000455 2.035215315554655 7.849136641516963 5399.73147069462 0.26852930537997194 1146.7752766373615 13.291713283582293 -1041900.0
51.100000000000456 2.0346972092026165 7.853222224896827 5399.406861291325 0.5931387086750828 1145.825687771357 14.51207647272812 -1041900.0
51.20000000000046 2.0312542842643535 7.86453484861353 5399.379783556312 0.6202164436880369 1144.7003119897224 12.924258524049536 -1041900.0
51.30000000000046 2.031089850724331 7.869559294586845 5399.466940550534 0.5330594494661586 1143.6862594533009 14.734436385914922 -1041900.0
51.40000000000046 2.030720581317865 7.863614778092555 5400.031267275236 -0.03126727523643622 1143.5042978375352 14.606042083299386 -1041900.0
51.50000000000046 2.0270758928858474 7.849224526334643 5399.261635310035 0.7383646899649108 1142.477199314075 12.82492830906718 -1041900.0
51.60000000000046 2.027037447633519 7.83318211817575 5399.446130649714 0.5538693502859721 1141.383730770977 14.792184050236536 -1041900.0
51.700000000000465 2.0250847571017068 7.8226915947262565 5399.765841464171 0.2341585358294002 1140.8189607894722 13.657917500967438 -1041900.0
51.800000000000466 2.0249545246399436 7.806892057764555 5399.6781545417825 0.3218454582170806 1140.2661973196527 14.707658068438572 -1041900.0
51.90000000000047 2.0252563808226625 7.7818160117908075 5400.105461992284 -0.10546199228449034 1140.2783307924972 14.983079949376679 -1041900.0
52.00000000000047 2.0241613175306195 7.765904634720352 5399.845094983281 0.1549050167189173 1140.1047855086692 14.097273487418864 -1041900.0
52.10000000000047 2.0247891985027766 7.7625268927897535 5399.936788619317 0.06321138068358072 1139.950040946197 15.178659181795553 -1041900.0
52.20000000000047 2.026334293841276 7.764900447425448 5400.429452517208 -0.4294525172085043 1140.528337917534 15.903685574746945 -1041900.0
52.30000000000047 2.025432898837155 7.760723743924875 5400.041578528979 -0.041578528979103906 1140.7690099321621 14.201854082527909 -1041900.0
52.400000000000475 2.023337125149306 7.751066698108005 5399.406293599993 0.5937064000073524 1139.9501069108387 13.537624290553376 -1041900.0
52.500000000000476 2.0229239366444856 7.74802997764247 5399.639207788793 0.36079221120699845 1139.190019171645 14.47663928313951 -1041900.0
52.60000000000048 2.023369269798045 7.748757864241512 5400.103530977647 -0.10353097764740425 1139.1829184215985 15.031968486382368 -1041900.0
52.70000000000048 2.0225476356643353 7.753553657692995 5399.925960538281 0.07403946171836798 1139.1224939545598 14.230241900235473 -1041900.0
52.80000000000048 2.023243380775299 7.751914994524304 5399.985671571988 0.014328428012307165 1139.070912467722 15.211879251508922 -1041900.0
52.90000000000048 2.0223557717529705 7.743488198658312 5399.970037690449 0.02996230955058522 1139.022620320088 14.193297053942905 -1041900.0
53.00000000000048 2.0238176183211363 7.743557055347892 5400.114800860099 -0.11480086009954661 1139.1716707127189 15.802220329903642 -1041900.0
53.100000000000485 2.0251724784993526 7.735968496005564 5400.51072348897 -0.5107234889699342 1139.9399556733597 15.71949749857557 -1041900.0
53.200000000000486 2.02623699733958 7.7224563337221666 5400.352587762172 -0.35258776217263493 1140.6532985895842 15.485976857478173 -1041900.0
53.30000000000049 2.028297185405877 7.725236814602027 5400.4975551505795 -0.4975551505799493 1141.5038510079125 16.361797575014077 -1041900.0
53.40000000000049 2.029879421523617 7.739968426544784 5400.574683560102 -0.5746835601023934 1142.5245435279428 15.921290150823783 -1041900.0
53.50000000000049 2.0302189238067077 7.763056197344131 5400.228348443817 -0.2283484438170909 1143.0899523147646 14.979005346756114 -1041900.0
53.60000000000049 2.0302962979943935 7.780215808538663 5400.007619338116 -0.007619338115160049 1143.1975077023471 14.81972485392836 -1041900.0
53.70000000000049 2.0320023508835825 7.791519386390028 5400.3242688779865 -0.32426887798662085 1143.6576331507913 16.09614773941837 -1041900.0
53.800000000000495 2.0328750104037323 7.795660390846344 5400.423587890274 -0.42358789027373844 1144.3919584924533 15.412055196403479 -1041900.0
53.900000000000496 2.0340138351808794 7.8090485025310645 5400.282540357707 -0.28254035770722274 1144.9696591219388 15.629156802561894 -1041900.0
54.0000000000005 2.0347855840347697 7.8175162122699104 5400.286039819658 -0.2860398196576611 1145.4924863395042 15.357665165297687 -1041900.0
54.1000000000005 2.036512773186179 7.8231825083595075 5400.402971418823 -0.4029714188227714 1146.1815539521606 16.178007451180918 -1041900.0
54.2000000000005 2.0372692047108276 7.8381352220244365 5400.377354788453 -0.3773547884528228 1146.8841067306712 15.367615023430805 -1041900.0
54.3000000000005 2.0390788063761383 7.849229373711991 5400.392340244717 -0.39234024471732726 1147.596912565782 16.29452809104386 -1041900.0
54.4000000000005 2.0376051463578313 7.855867513021207 5399.969953879867 0.030046120133421075 1147.7209298462742 13.95853237859827 -1041900.0
54.500000000000504 2.0364250708920753 7.860914902178071 5399.486781582892 0.5132184171075164 1146.9850655416333 14.126373098023624 -1041900.0
54.600000000000506 2.0331274561955195 7.874218503142899 5399.2557262725795 0.7442737274203893 1145.7187792508441 13.002685562834913 -1041900.0
54.70000000000051 2.0290742548707437 7.880628114452574 5398.780885019292 1.2191149807076984 1143.6854741826007 12.638350638791412 -1041900.0
54.80000000000051 2.0277412594600253 7.87788856335202 5399.253993857834 0.7460061421661763 1142.1174467764686 14.031519079442482 -1041900.0
54.90000000000051 2.026729286443963 7.864473783424477 5399.758709364826 0.2412906351733772 1141.461161667231 14.211155865810023 -1041900.0
55.00000000000051 2.028338037414081 7.845736249494405 5400.194139325064 -0.19413932506380552 1141.6323967469325 16.065562634168703 -1041900.0
55.10000000000051 2.0302066083750607 7.823018612750462 5400.629935634664 -0.6299356346645931 1142.6022911300017 16.30694062014935 -1041900.0
55.200000000000514 2.028133745867965 7.801964927301165 5399.830801867098 0.16919813290194372 1142.6309836698408 13.595251847633692 -1041900.0
55.300000000000516 2.02879589961861 7.782241497482949 5399.736947241893 0.2630527581067977 1142.1886023253178 15.246585579373068 -1041900.0
55.40000000000052 2.02806693303745 7.772437644972211 5400.046088768201 -0.04608876820137144 1142.1420070302763 14.321518624034047 -1041900.0
55.50000000000052 2.025232240386308 7.772681371107397 5399.331047476548 0.6689525234527248 1141.2189945624489 13.170668679487159 -1041900.0
55.60000000000052 2.026963513307564 7.7823350995950245 5399.918723606815 0.0812763931857321 1140.8208402545063 16.08396920327965 -1041900.0
55.70000000000052 2.022652948500511 7.7930734246203315 5399.560407611337 0.43959238866354533 1140.1669933881687 12.46170165243417 -1041900.0
55.80000000000052 2.019950682166255 7.798469242378659 5398.7653726219305 1.2346273780694497 1138.2410162396757 13.237893100293558 -1041900.0
55.900000000000524 2.0180146503863603 7.774583740439206 5399.383645754379 0.6163542456210505 1136.849091099294 13.631029604528646 -1041900.0
56.000000000000526 2.0175777257673255 7.733270063870002 5399.72905341486 0.27094658514017633 1136.2059931606882 14.461041638842973 -1041900.0
56.10000000000053 2.0140504297197763 7.684283437770934 5399.333094670979 0.6669053290202237 1135.1514421999993 12.79254282920839 -1041900.0
56.20000000000053 2.0125290555116924 7.653524212990983 5399.188630891959 0.811369108040613 1133.7254552672655 13.773936132159152 -1041900.0
56.30000000000053 2.0127340924981665 7.636614194830174 5399.939407168654 0.06059283134615311 1133.2960594660897 14.76683449977338 -1041900.0
56.40000000000053 2.0129717805846976 7.633567292657972 5400.133331461355 -0.1333314613544534 1133.4582321346472 14.777215859751863 -1041900.0
56.50000000000053 2.014555042088138 7.6379992436677755 5400.320767641174 -0.320767641174249 1133.9667262806759 15.761893476894144 -1041900.0
56.600000000000534 2.012690834482211 7.638416300927532 5399.8788370296925 0.12116297030773907 1133.9320131353702 13.566291480274629 -1041900.0
56.700000000000536 2.0089670169731653 7.62656981778439 5398.953680037944 1.0463199620562886 1132.4063752094223 12.643113915608536 -1041900.0
56.80000000000054 2.004571684582971 7.605903288667696 5398.675205634029 1.3247943659712065 1130.096100283857 12.32008134454993 -1041900.0
56.90000000000054 2.0027723563490887 7.590583046068023 5399.135496599813 0.8645034001862557 1128.3163021818227 13.55969640394909 -1041900.0
57.00000000000054 2.0014818307331885 7.581130144230164 5399.645732232309 0.3542677676917339 1127.450589455466 13.816988153806967 -1041900.0
57.10000000000054 2.000223852287782 7.576561836365165 5399.627864545452 0.3721354545477138 1126.7760410665069 13.825916381627675 -1041900.0
57.20000000000054 1.9985956404527703 7.565642988606785 5399.543610484721 0.4563895152783809 1125.9752028067514 13.622784502995062 -1041900.0
57.300000000000544 1.996099397894296 7.547802932305738 5399.326935312488 0.6730646875124712 1124.833345507568 13.171631066128114 -1041900.0
57.400000000000546 1.9930877431851037 7.521680599837475 5399.1114965398465 0.8885034601533157 1123.296064704707 12.90692600279616 -1041900.0
57.50000000000055 1.990767511043868 7.483895860175481 5399.196418822819 0.8035811771803462 1121.787093358955 13.224289532984178 -1041900.0
57.60000000000055 1.9915231290741369 7.459152291499978 5399.901315227985 0.09868477201493374 1121.3073280960616 14.933058104692535 -1041900.0
57.70000000000055 1.9879934777852533 7.449533625963085 5399.533043045393 0.46695695460697634 1120.6075434036861 12.610041505440599 -1041900.0
57.80000000000055 1.9842936716064221 7.4429586094397475 5398.72973954836 1.2702604516395344 1118.6197566785725 12.52099085609198 -1041900.0
57.90000000000055 1.9862832574528524 7.435565993398537 5399.944021327592 0.05597867240788497 1118.0022922976545 15.789232602752055 -1041900.0
58.000000000000554 1.9884463471464517 7.422516614962217 5400.854502603766 -0.8545026037660199 1119.18255150926 15.94241302667669 -1041900.0
58.100000000000556 1.9894859246930547 7.407797082636981 5400.442543818813 -0.44254381881318505 1120.1684048539648 15.073074079724462 -1041900.0
58.20000000000056 1.9917533752813477 7.3960146751420135 5400.498852205109 -0.4988522051091664 1121.0589261901405 16.028383878777344 -1041900.0
58.30000000000056 1.9936408022755308 7.391487488887602 5400.667392812465 -0.6673928124643752 1122.210795997869 15.702992566469176 -1041900.0
58.40000000000056 1.9937740986803292 7.398106862261594 5400.229343966986 -0.2293439669855885 1122.8169161998367 14.484624281079782 -1041900.0
58.50000000000056 1.9918226544747526 7.415438155470797 5399.5811655706675 0.41883442933245124 1122.3240203309092 13.34387168157768 -1041900.0
58.60000000000056 1.9888455347017675 7.434643277623453 5399.13955014264 0.8604498573601845 1120.9340606838516 12.8479562353821 -1041900.0
58.700000000000564 1.987696140516469 7.454671363858049 5399.406580289403 0.5934197105968998 1119.7331015721 13.768270647235887 -1041900.0
58.800000000000566 1.988578979312195 7.473944714952795 5400.104514379957 -0.10451437995749639 1119.628752376167 14.986108166840403 -1041900.0
58.90000000000057 1.9882464256156789 7.487516804588857 5400.111618530409 -0.11161853040941509 1119.830336982616 14.244474985034765 -1041900.0
59.00000000000057 1.9856595146736378 7.495220597860588 5399.422337949746 0.5776620502541332 1119.0637374107014 13.065779810178773 -1041900.0
59.10000000000057 1.9822381523727435 7.497789163143863 5398.971755922942 1.0282440770578907 1117.370012796819 12.668735701439173 -1041900.0
59.20000000000057 1.983739626690658 7.502976904787168 5399.862933930282 0.13706606971795046 1116.740911215914 15.436829993860815 -1041900.0
59.30000000000057 1.9814777978151914 7.507367977129432 5399.931186292867 0.06881370713317352 1116.5858366890027 13.22406749162922 -1041900.0
59.400000000000574 1.9783451927569615 7.519273470662534 5399.001071257675 0.9989287423251827 1115.149169079242 12.802820226193253 -1041900.0
59.500000000000576 1.977290405888933 7.522653391707295 5399.405228790985 0.59477120901502 1113.8875906589942 13.840939312539046 -1041900.0
59.60000000000058 1.9741863407505034 7.519558081649844 5399.376268848991 0.6237311510094493 1112.7565704745996 12.816653246565746 -1041900.0
59.70000000000058 1.9761448317451085 7.510317992616861 5399.931869615235 0.06813038476467562 1112.3961127544383 15.776653788937637 -1041900.0
59.80000000000058 1.9716183885676888 7.500950015318972 5399.55748926126 0.44251073873998653 1111.7437278404134 12.159408993508963 -1041900.0
59.90000000000058 1.9667361022651715 7.5002038546301595 5398.311587994456 1.6884120055440894 1109.1771307713761 11.991531370677215 -1041900.0
60.00000000000058 1.964748349830267 7.507116372662312 5399.048985879872 0.9510141201285195 1107.121265185764 13.32237141957069 -1041900.0
60.100000000000584 1.9598123301061454 7.503372476141105 5398.954921457401 1.045078542599491 1105.2455195323068 11.962268716983012 -1041900.0
60.200000000000585 1.9620701165899757 7.486379682077203 5399.740290564646 0.25970943535375934 1104.4364756358311 15.937561168093357 -1041900.0
60.30000000000059 1.9608839147833106 7.457753629302786 5400.301625060314 -0.3016250603138406 1104.7513485452234 13.711332163944693 -1041900.0
60.40000000000059 1.9623978677962264 7.428419680861113 5400.0159527151945 -0.015952715194873967 1104.901714946506 15.31839617188025 -1041900.0
60.50000000000059 1.961879540533399 7.416229590928054 5400.170800549824 -0.17080054982404425 1105.1491368724508 14.036432324752193 -1041900.0
60.60000000000059 1.961914044550088 7.4082940306894525 5399.874932870842 0.12506712915827545 1105.045336720592 14.340208633760211 -1041900.0
60.70000000000059 1.9635609153938522 7.399757917217104 5400.333653743371 -0.3336537433702224 1105.4624263822377 15.381890658259206 -1041900.0
60.800000000000594 1.9652670396202454 7.396399295077757 5400.574855746257 -0.5748557462567113 1106.4138673159025 15.426795169098092 -1041900.0
60.900000000000595 1.9623139226343287 7.402580657100949 5399.637920415977 0.36207958402323526 1106.1474360184266 12.801840041542837 -1041900.0
61.0000000000006 1.9631477678146747 7.4167383235556885 5399.642563620353 0.3574363796471312 1105.4902864158778 14.820888103101488 -1041900.0
61.1000000000006 1.9641660452987422 7.436092710623687 5400.435741012265 -0.43574101226456685 1105.952692477188 14.95437614137738 -1041900.0
61.2000000000006 1.9615320009201935 7.454829249389479 5399.627576345983 0.3724236540173669 1105.6127017378778 12.970172351656275 -1041900.0
61.3000000000006 1.9621719159772213 7.474668397199472 5399.674713777326 0.3252862226734807 1104.9964658208276 14.730230470282155 -1041900.0
61.4000000000006 1.962024618762177 7.48831056302555 5400.173265096263 -0.1732650962632049 1105.1026749830487 14.272472196603402 -1041900.0
61.500000000000604 1.961093509535355 7.498607758204268 5399.778178568385 0.22182143161567625 1104.863592986718 13.84693554705181 -1041900.0
61.600000000000605 1.9604464637109449 7.506677873046139 5399.736542645908 0.2634573540918021 1104.3983292877974 14.003899963017084 -1041900.0
61.70000000000061 1.9577987369609426 7.5202720490248565 5399.438859070574 0.5611409294257642 1103.4959758001016 12.993098923257051 -1041900.0
61.80000000000061 1.9584399293301167 7.542718978554563 5399.741559529989 0.2584404700108901 1102.8939094237796 14.762013098567943 -1041900.0
61.90000000000061 1.955789907029073 7.556576258362432 5399.696735795872 0.303264204128122 1102.3570314008784 13.006904218482676 -1041900.0
62.00000000000061 1.9516752239862574 7.563087106964566 5398.792671007338 1.2073289926619692 1100.5273208276678 12.336700499446264 -1041900.0
62.10000000000061 1.9472315313844057 7.5585249730326245 5398.630257611482 1.3697423885174906 1098.085446309358 12.188156103172421 -1041900.0
62.200000000000614 1.9438336328396488 7.553549703948932 5398.839330418162 1.1606695818379118 1095.8692920958167 12.647276333872556 -1041900.0
62.300000000000615 1.942897511323016 7.54373897647544 5399.469264374207 0.5307356257929646 1094.629361696375 13.834715979543533 -1041900.0
62.40000000000062 1.9417189823274115 7.530396252787919 5399.757308558838 0.24269144116207744 1094.0623775504419 13.700275105780554 -1041900.0
62.50000000000062 1.942912456535583 7.517105649639237 5400.07454083868 -0.07454083868054914 1094.0645044210899 15.06764147798012 -1041900.0
62.60000000000062 1.938692505139156 7.493140772137618 5399.425151198903 0.5748488010967074 1093.2861477759452 12.252226910120665 -1041900.0
62.70000000000062 1.9394274069143598 7.4766767451093585 5399.448846377683 0.5511536223162251 1092.2658364304366 14.73339508622124 -1041900.0
62.80000000000062 1.9380784510530498 7.4507594662849375 5400.017249244149 -0.017249244148844448 1092.0564514795801 13.567097572241833 -1041900.0
62.900000000000624 1.934778365301717 7.441353462551719 5399.144032832431 0.8559671675689562 1090.8577074199948 12.622444177462691 -1041900.0
63.000000000000625 1.9361813837804875 7.432335476764683 5399.805742594099 0.19425740590086576 1090.2210686560313 15.115662495660576 -1041900.0
63.10000000000063 1.9372311121698906 7.425182446229899 5400.541165603645 -0.5411656036451992 1090.9012058514654 14.881459975030776 -1041900.0
63.20000000000063 1.932268373166926 7.423176480054713 5399.165287146322 0.8347128536781462 1089.9545496565784 11.877929358194757 -1041900.0
63.30000000000063 1.9329255740802065 7.425509835860807 5399.32194423147 0.6780557685295899 1088.6452508287607 14.616057128682131 -1041900.0
63.40000000000063 1.9340887546851977 7.4249179094241695 5400.513921248216 -0.5139212482159548 1089.0818702216404 14.937389198875248 -1041900.0
63.50000000000063 1.933183294073486 7.419950744455147 5399.98153585675 0.018464143249614696 1089.2737568530454 13.751575878460576 -1041900.0
63.600000000000634 1.9331941641050736 7.419707538480954 5399.810351930936 0.18964806906409634 1088.9987139269963 14.240082110941271 -1041900.0
63.700000000000635 1.9339236961441766 7.421140500198937 5400.17733485092 -0.17733485091970355 1089.168167950659 14.66105366641523 -1041900.0
63.80000000000064 1.9353224463790797 7.425052792995724 5400.376917618081 -0.37691761808139884 1089.7744348513256 15.09441410835632 -1041900.0
63.90000000000064 1.933663149663418 7.435943794717093 5399.86976686448 0.13023313551961485 1089.750749433445 13.374700221288279 -1041900.0
64.00000000000064 1.9336383576737564 7.450568797084933 5399.689152832102 0.31084716789762373 1089.2575469244168 14.231348131335865 -1041900.0
64.10000000000063 1.9340579526915502 7.462792504152628 5400.140643238594 -0.14064323859374664 1089.323914048407 14.496469359789764 -1041900.0
64.20000000000063 1.9295019501849993 7.479088869062826 5399.205751851324 0.7942481486757318 1088.2644511400865 12.067109645599285 -1041900.0
64.30000000000062 1.9287765744139251 7.496573485124251 5399.148463065673 0.8515369343266858 1086.7278743845816 13.86471756047295 -1041900.0
64.40000000000062 1.9249264834356934 7.505579314378213 5399.336763238207 0.6632367617930641 1085.4323221270606 12.384427191338037 -1041900.0
64.50000000000061 1.923094835589205 7.508214093575573 5399.094002057424 0.9059979425758123 1083.8745586389712 13.3110633615498 -1041900.0
64.6000000000006 1.920712833420612 7.501955750723202 5399.409416480568 0.5905835194316038 1082.6582833324396 13.046568361651174 -1041900.0
64.7000000000006 1.9156734019445811 7.496377795982297 5398.753575002056 1.2464249979437383 1080.6516630980982 11.860975329036034 -1041900.0
64.8000000000006 1.9142330310386242 6.133400014894606 5396.261906215786 3.7380937842135578 1074.8562047570133 13.45597089493507 -1037820.7360491891
64.90000000000059 1.916329312579115 5.01823637582286 5399.838574523575 0.16142547642561725 1073.0438044962227 14.550641687900413 -1036260.6738653432
65.00000000000058 1.9188800650471944 4.105829762036885 5402.631205583925 -2.6312055839250035 1076.6827287619687 14.175051421936892 -1038531.540085884
65.10000000000058 1.922008026849585 3.35931525984836 5402.462223457178 -2.4622234571782524 1081.267632780717 14.02621421294897 -1041298.0791012465
65.20000000000057 1.924084650971862 2.8939852126032037 5400.797030092617 -0.7970300926172332 1083.4346309270582 13.16314855436948 -1041900.0
65.30000000000057 1.9259425726931818 2.658715173948076 5400.474181686449 -0.4741816864492947 1084.440693682535 12.876849297598133 -1041900.0
65.40000000000056 1.9307892818974015 2.6116760514120623 5401.138200788772 -1.138200788772692 1086.2454716289703 14.263439403765842 -1041900.0
65.50000000000055 1.9365580752019407 2.7186440420644145 5401.764443832193 -1.7644438321929243 1089.2141701229698 14.813318898269966 -1041900.0
65.60000000000055 1.936332300522313 2.951617852598157 5400.653919729982 -0.6539197299813698 1090.8836672073633 11.951614514375533 -1041900.0
65.70000000000054 1.9384020684982055 3.2876873339439467 5400.139464200013 -0.13946420001326673 1091.357434230694 13.032576104314638 -1041900.0
65.80000000000054 1.9373672301142533 3.708107818681411 5400.137916766961 -0.13791676696117247 1091.6108917761478 11.82403780874575 -1041900.0
65.90000000000053 1.9422400729413174 4.197542760739337 5400.692024472183 -0.6920244721829576 1092.6444309666451 14.925418112919774 -1041900.0
66.00000000000053 1.945194955631217 4.691286990898953 5401.339153064883 -1.339153064883442 1094.8247160112714 14.072484582877667 -1041900.0
66.10000000000052 1.9434632254391195 5.15103012259938 5399.940428780482 0.05957121951804158 1095.3085810624812 12.080281346842513 -1041900.0
66.20000000000051 1.9452908302725611 5.560526483951864 5399.966687112238 0.033312887762339184 1095.2363850065485 13.967494366351689 -1041900.0
66.30000000000051 1.9486335628960538 5.9127945729171225 5400.986013675644 -0.9860136756438829 1096.6115536111195 15.150216166338513 -1041900.0
66.4000000000005 1.9488309447549153 6.211345304162653 5400.480377545221 -0.480377545221012 1097.706475370809 13.532487838478234 -1041900.0
66.5000000000005 1.9445172124529602 6.463116781982052 5399.083246321114 0.9167536788861462 1096.618449516432 11.624025506333377 -1041900.0
66.60000000000049 1.9395155415360013 6.673289529184024 5398.394150851918 1.6058491480819177 1093.967104506937 11.436896514585234 -1041900.0
66.70000000000049 1.940473830140853 6.841638502058298 5399.588709235664 0.4112907643354077 1092.7067157812016 14.342345301126164 -1041900.0
66.80000000000048 1.9393560570917516 6.966764736788545 5400.124653505872 -0.12465350587203287 1092.7079652868972 13.341154278729016 -1041900.0
66.90000000000047 1.9385490043292135 7.088953990601707 5399.631582643104 0.3684173568959364 1092.2417183175203 13.560060569538436 -1041900.0
67.00000000000047 1.9387596540071075 7.205834601646925 5399.952469776522 0.04753022347768818 1092.0185392733163 14.166934874767584 -1041900.0
67.10000000000046 1.939386864355323 7.31596969165929 5400.184797156741 -0.18479715674091227 1092.25876565241 14.479341555775811 -1041900.0
67.20000000000046 1.9334137612775677 7.419236106482619 5398.956325950589 1.0436740494107044 1090.8665829112483 11.399516534915929 -1041900.0
67.30000000000045 1.9316363478960001 7.513711390012388 5398.727994513522 1.2720054864771633 1088.6318093838518 13.309593279804785 -1041900.0
67.40000000000045 1.926646865645959 7.586504985281576 5399.015460285873 0.9845397141274566 1086.70526260038 11.90123602054893 -1041900.0
67.50000000000044 1.9241278495460603 7.644663193340055 5398.830473921541 1.1695260784588768 1084.6399555170412 13.030239983084002 -1041900.0
67.60000000000043 1.9250420656792213 7.691587279741795 5399.968391099182 0.031608900817981976 1084.0995395185225 14.896991453331735 -1041900.0
67.70000000000043 1.9216508071400988 7.726642967509131 5399.592901657478 0.4070983425219467 1083.5125357799623 12.680312055860377 -1041900.0
67.80000000000042 1.9192157216362706 7.755930064253146 5398.978701698544 1.021298301456675 1081.9009167759802 13.133807405668223 -1041900.0
67.90000000000042 1.9167040694090143 6.345760961661665 5399.118760196099 0.881239803900454 1080.226219412467 13.107297784646132 -1041662.405290525
68.00000000000041 1.9171759895276645 5.191986241359544 5397.972902932219 2.027097067781334 1076.9963939671093 13.797339000270519 -1038937.7696840705
68.1000000000004 1.9152943793576225 4.247988742930536 5400.515545148932 -0.5155451489317667 1076.8633079252147 12.158685723326684 -1039449.4355194862
68.2000000000004 1.9174121800430204 3.4756271533068026 5398.649009825514 1.3509901744857749 1075.1783539125115 13.541926679607842 -1037410.103854569
68.3000000000004 1.917849099998028 2.843694943614657 5402.284161774419 -2.2841617744193012 1077.823918018686 12.455275334059618 -1039705.5656005484
68.40000000000039 1.9178657004374864 2.326659499321083 5400.032527873828 -0.03252787382853304 1078.8382343852645 12.046603129570226 -1040179.454178726
68.50000000000038 1.9234177077103713 1.9036304994445226 5400.949400183697 -0.9494001836977592 1080.189731062598 14.44596539238521 -1040197.4613418406
68.60000000000038 1.9261157541766443 1.7029704086364277 5402.538914368954 -2.5389143689538773 1084.169607086342 12.862921854921973 -1041900.0
68.70000000000037 1.9304976055828833 1.6842485161570773 5400.804339525721 -0.804339525721226 1086.3794211705197 13.568699059312681 -1041900.0
68.80000000000037 1.9337012522739592 1.8143851495830632 5401.1589532360495 -1.158953236049017 1088.3534262390185 13.024687061451399 -1041900.0
68.90000000000036 1.9401899305772607 2.0663151223861425 5401.570325107074 -1.5703251070732749 1091.0574104869695 14.818789440623227 -1041900.0
69.00000000000036 1.9442002563148433 2.4178941910432075 5401.626694644052 -1.6266946440517838 1094.0152410858377 13.599335145342375 -1041900.0
69.10000000000035 1.9489163190996501 2.851004338126261 5401.261397559803 -1.2613975598029752 1096.4822687766782 14.149651261691377 -1041900.0
69.20000000000034 1.946705217842166 3.3508217311942134 5400.153564804601 -0.15356480460125715 1097.2334741517177 11.218795847248515 -1041900.0
69.30000000000034 1.9458502229618753 3.905217780067993 5399.33185515065 0.6681448493497403 1096.3571695361347 11.938152890654074 -1041900.0
69.40000000000033 1.9426231667617082 4.446656125158503 5399.350353814247 0.6496461857528669 1095.1585246442849 11.165713133324921 -1041900.0
69.50000000000033 1.9434186256297534 4.942788756813609 5399.697205262001 0.3027947379991549 1094.4564368756844 13.098627971311483 -1041900.0
69.60000000000032 1.9470852292885599 5.378480105074355 5400.9318862127075 -0.931886212707748 1095.6410795804782 14.94264246100142 -1041900.0
69.70000000000032 1.9483519379476957 5.754204671293726 5400.766734543743 -0.7667345437428857 1097.1165283067999 13.800805020676671 -1041900.0
69.80000000000031 1.9492725128307473 6.07891111870195 5400.221631562816 -0.22163156281612797 1097.7539026253548 13.822250807114463 -1041900.0
69.9000000000003 1.9473611150142542 6.35916180308354 5399.734018980309 0.2659810196913286 1097.4731071512438 12.611070054792016 -1041900.0
70.0000000000003 1.944672451679519 6.601566695633358 5399.171759221856 0.8282407781448151 1096.1933399424886 12.389090482587477 -1041900.0
70.10000000000029 1.9438034381258018 6.810672701667426 5399.500027263956 0.4999727360434935 1095.1377042674696 13.347863413801036 -1041900.0
70.20000000000029 1.9378807892342125 6.990694221089479 5398.851986377655 1.1480136223451032 1093.308164633503 11.199877276744223 -1041900.0
70.30000000000028 1.9340275643826919 7.149311842256426 5398.397608016786 1.6023919832140998 1090.56363655328 12.15503098193412 -1041900.0
70.40000000000028 1.9320989210726855 7.283561969781218 5399.270310784938 0.7296892150614027 1088.8560902483755 13.09619183086133 -1041900.0
70.50000000000027 1.926499935725856 7.395464224547344 5398.793315143744 1.2066848562566863 1086.8464830587243 11.535430737532343 -1041900.0
70.60000000000026 1.9268553858366362 7.49096663335965 5399.27595762925 0.7240423707496149 1085.314672979285 14.400137007628507 -1041900.0
70.70000000000026 1.9260157418727988 7.566907726772254 5400.104789299855 -0.10478929985502909 1085.1553271375828 13.804811215541385 -1041900.0
70.80000000000025 1.921138651993844 7.633537467173397 5398.933263464213 1.0667365357865213 1083.6967260217984 11.96771157301496 -1041900.0
70.90000000000025 1.9218408658726913 7.694604786300937 5399.411683669871 0.5883163301285048 1082.4154920214737 14.745012073908939 -1041900.0
71.00000000000024 1.9170773617470025 7.741983042183487 5399.395901991649 0.6040980083508676 1081.3148718037332 12.072434524266404 -1041900.0
71.10000000000024 1.9162847977550905 6.3343497617864895 5397.348662547927 2.6513374520729265 1077.3229997782216 13.936707855278677 -1039342.4907689813
71.20000000000023 1.9166581965534368 5.182649805098037 5399.87410494828 0.12589505171997664 1076.0214465706692 13.736614505182306 -1038483.2921031355
71.30000000000022 1.9167615672300957 4.2403498405347575 5400.514991378827 -0.5149913788275283 1076.6936899215077 13.028567451231776 -1038888.0400750957
71.40000000000022 1.9176165362608655 3.4693771422557105 5400.163823060882 -0.1638230608823051 1077.1428729589138 12.950624607743077 -1039000.1033066134
71.50000000000021 1.91660651650789 2.838581298209218 5400.547772976511 -0.547772976510533 1077.9841460606315 11.84969590262132 -1039927.1993439086
71.60000000000021 1.9136520075058492 2.322475607625724 5398.391811140521 1.6081888594792633 1075.9504636996655 10.858188175040919 -1038832.01646328
71.7000000000002 1.9173504090444344 1.9002073153301375 5398.241673547056 1.758326452944294 1072.791109651048 13.430963398684339 -1035631.7008490539
71.8000000000002 1.9233188004156736 1.5547150761792035 5404.970002490243 -4.97000249024339 1079.0483127437524 14.453294941557703 -1039638.5767525769
71.90000000000019 1.9275001953559687 1.41749415323753 5402.590273941398 -2.59027394139751 1084.8052897830448 13.396917499483616 -1041900.0
72.00000000000018 1.9288587243552338 1.45067703446707 5400.313916819862 -0.313916819862237 1086.3458747333832 12.133649403044931 -1041900.0
72.10000000000018 1.932928222041864 1.6232812100185119 5400.843407224199 -0.843407224198644 1087.6673362439005 13.319005809683134 -1041900.0
72.20000000000017 1.937966928997575 1.9099573536515098 5401.543863846897 -1.543863846896937 1090.2002450672387 13.88826345690022 -1041900.0
72.30000000000017 1.9432999627212035 2.2899651075330536 5401.622649890153 -1.6226498901529953 1093.1411570335486 14.20954140951146 -1041900.0
72.40000000000016 1.9476902049264186 2.7463350879815893 5401.4517991622515 -1.4517991622511286 1095.874745606585 13.907898159073758 -1041900.0
72.50000000000016 1.9490631110026277 3.2651832538031185 5400.732701277458 -0.7327012774573124 1097.522684551317 12.668916774173761 -1041900.0
72.60000000000015 1.9507272777331006 3.833747616126681 5400.364276819437 -0.3642768194370828 1098.3466159315456 13.011965554813685 -1041900.0
72.70000000000014 1.9537270542650655 4.394630568031653 5400.776399898641 -0.7763998986406911 1099.5950167601718 13.942083217212947 -1041900.0
72.80000000000014 1.9565496954380706 4.9184802575839 5400.933119878181 -0.9331198781811005 1101.2389762255523 14.147636007775612 -1041900.0
72.90000000000013 1.9585527957786781 5.398909646530086 5400.695216635584 -0.6952166355841595 1102.6141792934393 13.983869058444418 -1041900.0
73.00000000000013 1.9539746884657445 5.8425876459000685 5399.3355831685985 0.6644168314011633 1101.9727878314827 11.190494111503707 -1041900.0
73.10000000000012 1.949010368436015 6.260021073600732 5398.292791154088 1.707208845911315 1099.2856178310797 11.20283408279279 -1041900.0
73.20000000000012 1.948390730476376 6.556956518509862 5399.305546981167 0.6944530188326817 1097.5832769768779 13.305059693145832 -1041900.0
73.30000000000011 1.948519795740252 6.753850329900249 5400.121412011891 -0.12141201189073127 1097.4598984216468 13.843307695378016 -1041900.0
73.4000000000001 1.9450400536800536 6.9288526679717215 5399.376150423247 0.62384957675268 1096.6323730610438 12.22446107502383 -1041900.0
73.5000000000001 1.940695233653414 7.088817320443688 5398.636192140218 1.3638078597823444 1094.4462555660673 11.923879190875972 -1041900.0
73.6000000000001 1.9352671883549155 7.235964167796635 5398.445669759691 1.5543302403093062 1091.6779497249238 11.52877244307574 -1041900.0
73.70000000000009 1.935847542678277 7.367480133204339 5399.447706680432 0.5522933195680446 1090.2407324157614 14.459077312457618 -1041900.0
73.80000000000008 1.9285660596889802 7.478229264847392 5398.913130809262 1.0868691907380688 1088.4751613585147 10.867175148766062 -1041900.0
73.90000000000008 1.9248669121365432 7.579899542905732 5398.160284313647 1.839715686352605 1085.4221694195708 12.44188793680815 -1041900.0
74.00000000000007 1.9190685926350588 7.66050550691855 5398.610747648076 1.3892523519245865 1082.6846734046956 11.580204859716584 -1041900.0
74.10000000000007 1.9179145112982892 6.26768632384245 5398.768753731051 1.2312462689483497 1080.3608044145312 13.718051006571939 -1041502.7016437928
74.20000000000006 1.9148895607352368 5.1281069922347315 5398.658569541774 1.3414304582260201 1077.9486804808569 12.142919290186946 -1040250.4093450115
74.30000000000005 1.9129359964146684 4.195723902737507 5397.142324141958 2.8576758580419934 1073.353448682588 12.086563485481852 -1036971.6140310564
74.40000000000005 1.914707529024229 3.4328650113306876 5399.138315507545 0.861684492455749 1070.927680668908 13.328573487414303 -1034856.8629399756
74.50000000000004 1.9150801992632105 2.8087077365432895 5402.010749171476 -2.010749171476456 1073.3954720267172 12.391996703433898 -1036774.4718573451
74.60000000000004 1.9148295647384495 2.2980336026263277 5399.951279567712 0.0487204322880354 1074.1793825863294 11.906685100382884 -1037178.0975657131
74.70000000000003 1.9154784357445407 1.8802093112397227 5399.804635319795 0.19536468020459632 1073.8834562886311 12.09378934271602 -1036906.6356925932
74.80000000000003 1.914763533816352 1.5383530728325003 5400.506824653753 -0.5068246537534264 1074.5147376013629 11.419683748897725 -1037609.4999705052
74.90000000000002 1.9196020832880794 1.2586525141356821 5400.159291788705 -0.1592917887047863 1074.9540733848394 13.648568773252272 -1036835.1236144197
75.00000000000001 1.921733016436694 1.1752611479291946 5404.719757889621 -4.719757889621341 1081.6717519697265 12.3717007759539 -1041900.0
75.10000000000001 1.926830708189332 1.2524863937602502 5400.449879643429 -0.4498796434294166 1084.3068097325183 13.654014537641062 -1041900.0
75.2 1.9292013473359437 1.4611252312583867 5401.102354626872 -1.102354626871635 1086.0507763705943 12.48810738822605 -1041900.0
75.3 1.9273477369880354 1.7772842801204982 5399.86408834762 0.1359116523797576 1086.326675214185 10.901907775161614 -1041900.0
75.39999999999999 1.932644663136625 2.1814144110076805 5400.625073137935 -0.6250731379354796 1087.1497767249268 14.075700979141697 -1041900.0
75.49999999999999 1.9338523777897467 2.6575208817335567 5401.115209301844 -1.1152093018434523 1088.986137641709 12.349349224240306 -1041900.0
75.59999999999998 1.9354282192354533 3.192517085054728 5400.281710284908 -0.2817102849073371 1089.855916177125 12.686647201028194 -1041900.0
75.69999999999997 1.9316085303919592 3.746262902182362 5399.469166644047 0.5308333559534104 1089.2274171393874 10.67261264425298 -1041900.0
75.79999999999997 1.9354006307270806 4.281802025160992 5400.0838773352625 -0.08387733526296584 1089.1205269618486 14.259372400920636 -1041900.0
75.89999999999996 1.9362781908242384 4.774232748202153 5400.891235457146 -0.8912354571455884 1090.4118417111183 13.04361548849894 -1041900.0
75.99999999999996 1.9337822467379382 5.221403148958965 5399.518404026329 0.4815959736709176 1090.1111568180454 11.775087401013185 -1041900.0
76.09999999999995 1.9305558203428241 5.629593308229068 5398.969582500956 1.0304174990440385 1088.455101869056 11.645638167806153 -1041900.0
76.19999999999995 1.9274192670363148 6.007321025415583 5399.018797671592 0.981202328407605 1086.6356907687352 11.846241702213606 -1041900.0
76.29999999999994 1.9270734072048534 6.4618255212954585 5399.5794257590305 0.4205742409695836 1085.6270718759642 13.25610101750064 -1041900.0
76.39999999999993 1.9230847710174466 6.738820732282761 5399.307962329803 0.6920376701970372 1084.4736673204854 11.840522674766092 -1041900.0
76.49999999999993 1.9215423583292537 7.110907723090555 5399.10777510919 0.8922248908101246 1082.9230984771705 13.045141587042451 -1041900.0
76.59999999999992 1.9184283339427914 7.369425389736664 5399.324392977736 0.6756070222634664 1081.5928648290978 12.510672192863064 -1041900.0
76.69999999999992 1.9101268516154921 6.029529864329998 5397.269716704773 2.730283295227203 1077.4594382886828 10.42070553473327 -1040807.8646557927
76.79999999999991 1.9035748196333753 4.933251707179089 5391.64878719846 8.351212801539912 1064.5349393341367 10.5367937876399 -1031819.7218434385
76.8999999999999 1.901342582024835 4.036296851328346 5395.303922565264 4.696077434735952 1054.377252000741 11.818955537706454 -1024753.2581668647
76.9999999999999 1.9002706121048976 3.302424696541374 5399.055699911413 0.9443000885865093 1051.0555963435945 11.930252495601989 -1022351.3021016611
77.0999999999999 1.9036036911223726 2.7019838426247604 5400.041303542444 -0.04130354244479345 1050.7134097973385 13.568103170784386 -1021198.8313021088
77.19999999999989 1.9066139923684804 2.210714053056622 5403.6467062945385 -3.6467062945389053 1055.8691316683405 13.181661660460415 -1024784.3432353152
77.29999999999988 1.910017995441526 1.8087660434099635 5402.694612364415 -2.694612364414961 1061.2120439586854 13.185932704504701 -1028028.031815184
77.39999999999988 1.9078234653718569 1.4798994900626974 5402.0332374629215 -2.0332374629217393 1065.2193911864542 10.799931168986575 -1031702.1204950796
77.49999999999987 1.9059191622031655 1.2108268555058432 5397.104343426622 2.895656573378101 1062.0015037588435 10.804130888567073 -1029332.7180566404
77.59999999999987 1.9088215589556223 0.9906765181411445 5399.253217236658 0.7467827633413454 1059.7215284581832 12.572632713064948 -1027278.8767868895
77.69999999999986 1.9126084724346275 0.8105535148427546 5403.658543467196 -3.658543467196165 1064.559780311806 12.87843280686897 -1030410.0075844708
77.79999999999986 1.9137455123086935 0.6631801485077083 5403.040150014593 -3.04015001459256 1070.394574112458 11.780801600204553 -1034502.5265447617
77.89999999999985 1.9147645215702744 0.542601939688125 5400.485661854955 -0.4856618549546615 1072.3678952722762 11.697327880803417 -1035732.9093273345
77.99999999999984 1.9145172374863604 0.44394704156301135 5400.660590025829 -0.6605900258293688 1073.5045872451708 11.202321473482357 -1036836.1933425675
78.09999999999984 1.9119051088946952 0.3632293976424638 5399.129366391235 0.8706336087654576 1072.5579546613717 10.326927599695379 -1036568.4042444441
78.19999999999983 1.9152140287509045 0.29718768898019765 5398.34167261662 1.65832738338031 1069.8522227280723 12.463210854970782 -1033741.7879241075
78.29999999999983 1.9153723856708829 0.24315356371107077 5403.453488107317 -3.4534881073170838 1074.015056660729 11.284866256750943 -1037323.0626313838
78.39999999999982 1.9178750928532153 0.19894382485451245 5400.030700796899 -0.03070079689839024 1075.5225930410613 12.13683487005077 -1037494.609073573
78.49999999999982 1.9190463237155282 0.1627722203355102 5402.376152071233 -2.3761520712334887 1078.8836084473144 11.642569194642846 -1040207.649741287
78.59999999999981 1.9206762196277634 0.13317727118359926 5400.938003595854 -0.9380035958541766 1081.2127439920757 11.809140311049385 -1041478.5305376885
78.6999999999998 1.924016758082466 0.25441776733203575 5400.934952228765 -0.9349522287644568 1082.9278052070472 12.45848872353553 -1041900.0
78.7999999999998 1.924270355899675 0.49906908236257475 5400.455016532995 -0.4550165329943695 1083.9653432470323 11.34222218633704 -1041900.0
78.89999999999979 1.9306747902562469 0.8446928855693794 5401.126609981354 -1.1266099813535049 1085.745663720749 13.943802989243702 -1041900.0
78.99999999999979 1.9355906581764395 1.272930542738583 5401.900813755804 -1.900813755804366 1088.9015929347713 13.438091397899228 -1041900.0
79.09999999999978 1.9329166255324652 1.76876135314975 5400.004298794901 -0.004298794901273217 1089.7135949692483 10.551951091373427 -1041900.0
79.19999999999978 1.9297965435071827 2.319895652577068 5398.814870053415 1.1851299465849958 1088.045569563548 10.511235512154164 -1041900.0
79.29999999999977 1.9294283272782866 2.89242567219455 5399.569080268983 0.4309197310162884 1086.935908565194 11.743614788251401 -1041900.0
79.39999999999976 1.9277834731064463 3.452149197625683 5399.7583274529825 0.2416725470172286 1086.4126819804962 11.423518368798117 -1041900.0
79.49999999999976 1.922381576730918 3.978027416294643 5398.734935560733 1.2650644392667962 1084.5277370256335 10.120542583564546 -1041900.0
79.59999999999975 1.9163322382445203 4.46147595454443 5398.090821956983 1.9091780430175853 1081.3013178407728 10.029552741478218 -1041900.0
79.69999999999975 1.9182208587159253 3.6502985082636252 5397.343947793956 2.656052206043282 1076.7494487922186 13.53980187094268 -1038534.7111464095
79.79999999999974 1.9188625372324164 2.9866078703975116 5402.477302284574 -2.477302284574275 1079.1138015758213 12.6190469822786 -1040582.7531234773
79.89999999999974 1.9198494109625446 2.443588257597964 5400.430820478381 -0.4308204783811311 1080.77120379852 12.513596565700198 -1041279.0559253506
79.99999999999973 1.9212990618954207 2.1447540289437885 5400.685225214003 -0.6852252140033169 1081.9193540078843 12.513617800871357 -1041900.0
